Title,Description_1,Description_2,Price,Image_urls
Sage Green Cotton Corduroy Baggy Shorts  ,"Available for Waist 19"" - 63"" | Petite - Tall","Primary Fabric: 100% Cotton Corduroy,Pattern: Solid, Stripes,Color: Sage Green,Button Type: Shell,Style: Baggy, Pleated,Length: Mid-Thigh Length,High Rise waist,Half Elasticated Waist,This garment has Slash Pocket,Number of Pockets: 2,Garment Transparency: Opaque,Comfort Fit,Exposed Zip at Front,Functional Specialty: Fold Up Hem","3,200","https://cdn.shopify.com/s/files/1/0534/2501/2925/products/sage-green-cotton-corduroy-baggy-shorts-baggy-shorts-273010_160x.jpg?v=1625844335,https://cdn.shopify.com/s/files/1/0534/2501/2925/products/sage-green-cotton-corduroy-baggy-shorts-baggy-shorts-734767_160x.jpg?v=1625844335,https://cdn.shopify.com/s/files/1/0534/2501/2925/products/sage-green-cotton-corduroy-baggy-shorts-baggy-shorts-353930_160x.jpg?v=1625844335,https://cdn.shopify.com/s/files/1/0534/2501/2925/products/sage-green-cotton-corduroy-baggy-shorts-baggy-shorts-623506_160x.jpg?v=1625844335,https://cdn.shopify.com/s/files/1/0534/2501/2925/products/sage-green-cotton-corduroy-baggy-shorts-baggy-shorts-769585_160x.jpg?v=1625844335,https://cdn.shopify.com/s/files/1/0534/2501/2925/products/sage-green-cotton-corduroy-baggy-shorts-baggy-shorts-191176_160x.jpg?v=1625844335,https://cdn.shopify.com/s/files/1/0534/2501/2925/products/sage-green-cotton-corduroy-baggy-shorts-baggy-shorts-706707_160x.jpg?v=1625844335"
Teal Solid Cotton Short Shorts  ,"Available for Waist 19"" - 63"" | Petite - Tall","Primary Fabric: 100% Cotton,Pattern: Solid,Color: Teal,Style: Short,Length: Mid-Thigh Length,Mid Rise waist,Full Elasticated Waist,This garment has Slash Pocket, Mobile Pocket,Number of Pockets: 3,Garment Transparency: Opaque,Relaxed Fit","2,460","https://cdn.shopify.com/s/files/1/0534/2501/2925/products/teal-solid-cotton-short-shorts-short-shorts-555233_160x.jpg?v=1611250049,https://cdn.shopify.com/s/files/1/0534/2501/2925/products/teal-solid-cotton-short-shorts-short-shorts-481250_160x.jpg?v=1611250049,https://cdn.shopify.com/s/files/1/0534/2501/2925/products/teal-solid-cotton-short-shorts-short-shorts-764228_160x.jpg?v=1611250049,https://cdn.shopify.com/s/files/1/0534/2501/2925/products/teal-solid-cotton-short-shorts-short-shorts-890716_160x.jpg?v=1611250050,https://cdn.shopify.com/s/files/1/0534/2501/2925/products/teal-solid-cotton-short-shorts-short-shorts-167677_160x.jpg?v=1611250050"
White Crinkled Cotton Frilled Shorts  ,"Available for Waist 19"" - 63"" | Petite - Tall","Primary Fabric: 100% Cotton - Yarn Dyed, Crinkled,This is a lined garment,Color: White, Red,Style: Short, Flared, Paneled,Length: Mid-Thigh Length,Mid Rise waist,Half Elasticated Waist,This garment has Inseam Pocket,Number of Pockets: 2,Garment Transparency: Translucent,Relaxed Fit,Frill at Hem","3,560","https://cdn.shopify.com/s/files/1/0534/2501/2925/products/frilled-short-shorts-short-short-801486_160x.jpg?v=1625850974,https://cdn.shopify.com/s/files/1/0534/2501/2925/products/frilled-short-shorts-short-short-788036_160x.jpg?v=1625850974,https://cdn.shopify.com/s/files/1/0534/2501/2925/products/frilled-short-shorts-short-shorts-689966_160x.jpg?v=1625850975,https://cdn.shopify.com/s/files/1/0534/2501/2925/products/frilled-short-shorts-short-short-386538_160x.jpg?v=1625850974,https://cdn.shopify.com/s/files/1/0534/2501/2925/products/frilled-short-shorts-short-short-773334_160x.jpg?v=1625850974"
White Hand Beaded Short Cotton Shorts  ,"Available for Waist 19"" - 63"" | Petite - Tall","Primary Fabric: 100% Cotton,This garment is Hand Beaded,Pattern: Solid,Color: White,Button Type: Wood,Style: Short,Length: Mid-Thigh Length,Mid Rise waist,Banded waist,This garment has Welt Pocket,Number of Pockets: 2,Garment Transparency: Opaque,Slim Fit,Concealed Zip at the Left","3,020","https://cdn.shopify.com/s/files/1/0534/2501/2925/products/white-hand-beaded-short-shorts-short-shorts-244024_160x.jpg?v=1625990991,https://cdn.shopify.com/s/files/1/0534/2501/2925/products/white-hand-beaded-short-shorts-short-shorts-249070_160x.jpg?v=1625990991,https://cdn.shopify.com/s/files/1/0534/2501/2925/products/white-hand-beaded-short-shorts-short-shorts-128854_160x.jpg?v=1625990991,https://cdn.shopify.com/s/files/1/0534/2501/2925/products/white-hand-beaded-short-shorts-short-shorts-924083_160x.jpg?v=1625990991,https://cdn.shopify.com/s/files/1/0534/2501/2925/products/white-hand-beaded-short-shorts-short-shorts-984262_160x.jpg?v=1625990991"
Brick Red Cotton Straight Shorts  ,"Available for Waist 19"" - 63"" | Petite - Tall","Primary Fabric: 100% Cotton,Pattern: Solid,Color: Brick Red,Style: Straight ,Length: Mid-Thigh Length,Mid Rise waist,Full Elasticated Waist,This garment has Inseam Pocket,Number of Pockets: 2,Garment Transparency: Opaque,Comfort Fit,Drawstring at Waist","1,880","https://cdn.shopify.com/s/files/1/0534/2501/2925/products/brick-red-mid-rise-straight-shorts-straight-fit-shorts-981452_160x.jpg?v=1625849079,https://cdn.shopify.com/s/files/1/0534/2501/2925/products/brick-red-mid-rise-straight-shorts-straight-fit-shorts-804680_160x.jpg?v=1625849079,https://cdn.shopify.com/s/files/1/0534/2501/2925/products/brick-red-mid-rise-straight-shorts-straight-fit-shorts-674000_160x.jpg?v=1625849079,https://cdn.shopify.com/s/files/1/0534/2501/2925/products/brick-red-mid-rise-straight-shorts-straight-fit-shorts-133586_160x.jpg?v=1625849079,https://cdn.shopify.com/s/files/1/0534/2501/2925/products/brick-red-mid-rise-straight-shorts-straight-fit-shorts-492663_160x.jpg?v=1625849079"
Blue Sanganeri Print Floral Short Shorts  ,"Available for Waist 19"" - 63"" | Petite - Tall","Craft: Sanganeri Hand Block Print,Primary Fabric: 100% Cotton - Hand Block Printed in Sanganer (Rajasthan),This is a lined garment,Pattern: Floral,Color: Blue,Style: Short,Length: Micro Length,Mid Rise waist,Half Elasticated Waist,This garment has Slash Pocket,Number of Pockets: 2,Garment Transparency: Opaque,Relaxed Fit,Drawstring at Waist","2,730","https://cdn.shopify.com/s/files/1/0534/2501/2925/products/blue-sanganeri-print-floral-short-shorts-short-shorts-390135_160x.jpg?v=1625849045,https://cdn.shopify.com/s/files/1/0534/2501/2925/products/blue-sanganeri-print-floral-short-shorts-short-shorts-771677_160x.jpg?v=1625849045,https://cdn.shopify.com/s/files/1/0534/2501/2925/products/blue-sanganeri-print-floral-short-shorts-short-shorts-264892_160x.jpg?v=1625849045,https://cdn.shopify.com/s/files/1/0534/2501/2925/products/blue-sanganeri-print-floral-short-shorts-short-shorts-369121_160x.jpg?v=1625849045,https://cdn.shopify.com/s/files/1/0534/2501/2925/products/blue-sanganeri-print-floral-short-shorts-short-shorts-868659_160x.jpg?v=1625849045"
Red Yarn Dyed Mid Rise Flared Shorts  ,"Available for Waist 19"" - 63"" | Petite - Tall","Primary Fabric: 100% Cotton - Yarn Dyed, Crinkled,Pattern: Ditsy, Geometric,Color: Red,Style: Pleated, Flared,Length: Mid-Thigh Length,Mid Rise waist,Half Elasticated Waist,This garment has Inseam Pocket,Number of Pockets: 2,Garment Transparency: Opaque,Comfort Fit,Drawstring at waist","4,210","https://cdn.shopify.com/s/files/1/0534/2501/2925/products/red-yarn-dyed-cotton-pleated-shorts-pleated-shorts-935772_160x.jpg?v=1625848592,https://cdn.shopify.com/s/files/1/0534/2501/2925/products/red-yarn-dyed-cotton-pleated-shorts-pleated-shorts-589634_160x.jpg?v=1625848592,https://cdn.shopify.com/s/files/1/0534/2501/2925/products/red-yarn-dyed-cotton-pleated-shorts-pleated-shorts-300859_160x.jpg?v=1625848592,https://cdn.shopify.com/s/files/1/0534/2501/2925/products/red-yarn-dyed-cotton-pleated-shorts-pleated-shorts-431036_160x.jpg?v=1625848592"
Cotton Grey Striped Paperbag Shorts  ,"Available for Waist 19"" - 63"" | Petite - Tall","Primary Fabric: 100% Cotton - Yarn Dyed,Pattern: Stripes,Color: Cloudy Grey,Button Type: Metal,Style: Paperbag, Pleated,Length: Mid-Thigh Length,High Rise waist,Detached Belt at Waist,This garment has Inseam Pocket,Number of Pockets: 2,Garment Transparency: Opaque,Relaxed Fit,Concealed Zip at Side,Belt Loops ","3,550","https://cdn.shopify.com/s/files/1/0534/2501/2925/products/cotton-grey-striped-paperbag-shorts-paperbag-shorts-213255_160x.jpg?v=1625849646,https://cdn.shopify.com/s/files/1/0534/2501/2925/products/cotton-grey-striped-paperbag-shorts-paperbag-shorts-183865_160x.jpg?v=1625849646,https://cdn.shopify.com/s/files/1/0534/2501/2925/products/cotton-grey-striped-paperbag-shorts-paperbag-shorts-875873_160x.jpg?v=1625849646,https://cdn.shopify.com/s/files/1/0534/2501/2925/products/cotton-grey-striped-paperbag-shorts-paperbag-shorts-688935_160x.jpg?v=1625849646,https://cdn.shopify.com/s/files/1/0534/2501/2925/products/cotton-grey-striped-paperbag-shorts-paperbag-shorts-646168_160x.jpg?v=1625849646,https://cdn.shopify.com/s/files/1/0534/2501/2925/products/cotton-grey-striped-paperbag-shorts-paperbag-shorts-981638_160x.jpg?v=1625849646"
Beige Solid Cotton Short Shorts  ,"Available for Waist 19"" - 63"" | Petite - Tall","Primary Fabric: 100% Cotton,Pattern: Solid,Color: Beige,Style: Short,Length: Mid-Thigh Length,Mid Rise waist,Full Elasticated Waist,This garment has Slash Pocket, Mobile Pocket,Number of Pockets: 3,Garment Transparency: Opaque,Relaxed Fit","2,460","https://cdn.shopify.com/s/files/1/0534/2501/2925/products/beige-solid-cotton-short-shorts-short-shorts-131671_160x.jpg?v=1611250601,https://cdn.shopify.com/s/files/1/0534/2501/2925/products/beige-solid-cotton-short-shorts-short-shorts-521202_160x.jpg?v=1611250601,https://cdn.shopify.com/s/files/1/0534/2501/2925/products/beige-solid-cotton-short-shorts-short-shorts-114410_160x.jpg?v=1611250601,https://cdn.shopify.com/s/files/1/0534/2501/2925/products/beige-solid-cotton-short-shorts-short-shorts-535108_160x.jpg?v=1611250601,https://cdn.shopify.com/s/files/1/0534/2501/2925/products/beige-solid-cotton-short-shorts-short-shorts-786730_160x.jpg?v=1611250601"
Melon Orange Handspun Mirror Work Shorts  ,"Available for Waist 19"" - 63"" | Petite - Tall","Primary Fabric: 100% Cotton Muslin - Yarn Dyed, Azo-Free Dyed, Handspun, Hand Woven in Murshidabad (West Bengal),Pattern: Solid,Color: Melon Orange,Button Type: Shell,Style: Straight ,Length: Mid-Thigh Length,Mid Rise waist,Half Elasticated Waist,This garment has Patch Pocket,Number of Pockets: 2,Garment Transparency: Opaque,Relaxed Fit,Exposed Zip at front","2,610","https://cdn.shopify.com/s/files/1/0534/2501/2925/products/melon-orange-handspun-mirror-work-shorts-straight-shorts-828968_160x.jpg?v=1626279953,https://cdn.shopify.com/s/files/1/0534/2501/2925/products/melon-orange-handspun-mirror-work-shorts-straight-shorts-593333_160x.jpg?v=1626279953,https://cdn.shopify.com/s/files/1/0534/2501/2925/products/melon-orange-handspun-mirror-work-shorts-straight-shorts-712699_160x.jpg?v=1626279953,https://cdn.shopify.com/s/files/1/0534/2501/2925/products/melon-orange-handspun-mirror-work-shorts-straight-shorts-402935_160x.jpg?v=1626279953"
Cotton Beige Striped Paperbag Shorts  ,"Available for Waist 19"" - 63"" | Petite - Tall","Primary Fabric: 100% Cotton - Yarn Dyed,Pattern: Stripes,Color: Dusk Beige,Button Type: Metal,Style: Paperbag, Pleated,Length: Mid-Thigh Length,High Rise waist,Detached Belt at Waist,This garment has Inseam Pocket,Number of Pockets: 2,Garment Transparency: Opaque,Relaxed Fit,Concealed Zip at Side,Belt Loops ","3,550","https://cdn.shopify.com/s/files/1/0534/2501/2925/products/cotton-beige-striped-paperbag-shorts-paperbag-shorts-846996_160x.jpg?v=1625992611,https://cdn.shopify.com/s/files/1/0534/2501/2925/products/cotton-beige-striped-paperbag-shorts-paperbag-shorts-553172_160x.jpg?v=1625992611,https://cdn.shopify.com/s/files/1/0534/2501/2925/products/cotton-beige-striped-paperbag-shorts-paperbag-shorts-112570_160x.jpg?v=1625992611,https://cdn.shopify.com/s/files/1/0534/2501/2925/products/cotton-beige-striped-paperbag-shorts-paperbag-shorts-910890_160x.jpg?v=1625992611,https://cdn.shopify.com/s/files/1/0534/2501/2925/products/cotton-beige-striped-paperbag-shorts-paperbag-shorts-249864_160x.jpg?v=1625992611,https://cdn.shopify.com/s/files/1/0534/2501/2925/products/cotton-beige-striped-paperbag-shorts-paperbag-shorts-364694_160x.jpg?v=1625992611"
Breezy Off-White Striped Mid-Rise Shorts  ,"Available for Waist 19"" - 63"" | Petite - Tall","Primary Fabric: 100% Cotton,This is a lined garment,Pattern: Solid, Stripes,Color: Off-white,Style: Short,Length: Mid-Thigh Length,Mid Rise waist,Half Elasticated Waist,This garment has Inseam Pocket,Number of Pockets: 2,Garment Transparency: Opaque,Comfort Fit,Box Pleats at Front","2,620","https://cdn.shopify.com/s/files/1/0534/2501/2925/products/breezy-off-white-striped-mid-rise-shorts-short-shorts-337767_160x.jpg?v=1611242488,https://cdn.shopify.com/s/files/1/0534/2501/2925/products/breezy-off-white-striped-mid-rise-shorts-short-shorts-859021_160x.jpg?v=1611242488,https://cdn.shopify.com/s/files/1/0534/2501/2925/products/breezy-off-white-striped-mid-rise-shorts-short-shorts-205108_160x.jpg?v=1611242488,https://cdn.shopify.com/s/files/1/0534/2501/2925/products/breezy-off-white-striped-mid-rise-shorts-short-shorts-569563_160x.jpg?v=1611242488,https://cdn.shopify.com/s/files/1/0534/2501/2925/products/breezy-off-white-striped-mid-rise-shorts-short-shorts-934231_160x.jpg?v=1611242488"
Olive Green Solid Cotton Short Shorts  ,"Available for Waist 19"" - 63"" | Petite - Tall","Primary Fabric: 100% Cotton,Pattern: Solid,Color: Olive Green,Style: Short,Length: Mid-Thigh Length,Mid Rise waist,Full Elasticated Waist,This garment has Slash Pocket, Mobile Pocket,Number of Pockets: 3,Garment Transparency: Opaque,Relaxed Fit","2,470","https://cdn.shopify.com/s/files/1/0534/2501/2925/products/olive-green-cotton-flax-short-shorts-short-shorts-451621_160x.jpg?v=1625847458,https://cdn.shopify.com/s/files/1/0534/2501/2925/products/olive-green-cotton-flax-short-shorts-short-shorts-974059_160x.jpg?v=1625847458,https://cdn.shopify.com/s/files/1/0534/2501/2925/products/olive-green-cotton-flax-short-shorts-short-shorts-621023_160x.jpg?v=1625847458,https://cdn.shopify.com/s/files/1/0534/2501/2925/products/olive-green-cotton-flax-short-shorts-short-shorts-740813_160x.jpg?v=1625847458,https://cdn.shopify.com/s/files/1/0534/2501/2925/products/olive-green-cotton-flax-short-shorts-short-shorts-526123_160x.jpg?v=1625847458"
Black Elasticated Short Cotton Boxers  ,"Available for Waist 19"" - 63"" | Petite - Tall","Craft: Bagru Hand Block Print,Primary Fabric: 100% Cotton - Natural Dyed, Hand Block Printed in Bagru (Rajasthan),Pattern: Geometric,Color: Black,Button Type: Shell,Style: Short, Boxers,Length: Micro Length,Mid Rise waist,Full Elasticated Waist,This garment has Slash Pocket,Number of Pockets: 2,Garment Transparency: Translucent,Comfort Fit,Elasticized Drawstring at Waist","2,140","https://cdn.shopify.com/s/files/1/0534/2501/2925/products/black-elasticated-short-boxers-short-shorts-591242_160x.jpg?v=1625848026,https://cdn.shopify.com/s/files/1/0534/2501/2925/products/black-elasticated-short-boxers-short-shorts-815542_160x.jpg?v=1625848026,https://cdn.shopify.com/s/files/1/0534/2501/2925/products/black-elasticated-short-boxers-short-shorts-596026_160x.jpg?v=1625848026,https://cdn.shopify.com/s/files/1/0534/2501/2925/products/black-elasticated-short-boxers-short-shorts-468377_160x.jpg?v=1625848026,https://cdn.shopify.com/s/files/1/0534/2501/2925/products/black-elasticated-short-boxers-short-shorts-922827_160x.jpg?v=1625848026"
Block Printed Mid-Rise Elasticated Shorts  ,"Available for Waist 19"" - 63"" | Petite - Tall","Craft: Sanganeri Hand Block Print,Primary Fabric: 100% Cotton - Azo-Free Dyed, Hand Block Printed in Sanganer (Rajasthan),This is a lined garment,Pattern: Floral, Contemporary,Color: White, Peach,Button Type: Shell,Lace: Block-Printed Lace,Style: Short, Straight ,Length: Micro Length,Mid Rise waist,Half Elasticated Waist, Attached Belt at Waist,This garment has Inseam Pocket,Number of Pockets: 2,Garment Transparency: Opaque,Relaxed Fit,Exposed Zip at Center Front","3,690","https://cdn.shopify.com/s/files/1/0534/2501/2925/products/straight-fit-belted-short-shorts-short-short-889155_160x.jpg?v=1625849414,https://cdn.shopify.com/s/files/1/0534/2501/2925/products/straight-fit-belted-short-shorts-short-short-182816_160x.jpg?v=1625849414,https://cdn.shopify.com/s/files/1/0534/2501/2925/products/straight-fit-belted-short-shorts-short-short-196280_160x.jpg?v=1625849414,https://cdn.shopify.com/s/files/1/0534/2501/2925/products/straight-fit-belted-short-shorts-short-short-815533_160x.jpg?v=1625849414,https://cdn.shopify.com/s/files/1/0534/2501/2925/products/straight-fit-belted-short-shorts-short-short-987011_160x.jpg?v=1625849414"
Mauve Cotton Corduroy Baggy Shorts  ,"Available for Waist 19"" - 63"" | Petite - Tall","Primary Fabric: 100% Cotton Corduroy,Pattern: Solid, Stripes,Color: Mauve,Button Type: Shell,Style: Baggy, Pleated,Length: Mid-Thigh Length,High Rise waist,Half Elasticated Waist,This garment has Slash Pocket,Number of Pockets: 2,Garment Transparency: Opaque,Comfort Fit,Exposed Zip at Front,Functional Specialty: Fold Up Hem","3,200","https://cdn.shopify.com/s/files/1/0534/2501/2925/products/mauve-cotton-corduroy-baggy-shorts-baggy-shorts-701908_160x.jpg?v=1625990578,https://cdn.shopify.com/s/files/1/0534/2501/2925/products/mauve-cotton-corduroy-baggy-shorts-baggy-shorts-831988_160x.jpg?v=1625990578,https://cdn.shopify.com/s/files/1/0534/2501/2925/products/mauve-cotton-corduroy-baggy-shorts-baggy-shorts-450708_160x.jpg?v=1625990578,https://cdn.shopify.com/s/files/1/0534/2501/2925/products/mauve-cotton-corduroy-baggy-shorts-baggy-shorts-320004_160x.jpg?v=1625990578,https://cdn.shopify.com/s/files/1/0534/2501/2925/products/mauve-cotton-corduroy-baggy-shorts-baggy-shorts-680357_160x.jpg?v=1625990578,https://cdn.shopify.com/s/files/1/0534/2501/2925/products/mauve-cotton-corduroy-baggy-shorts-baggy-shorts-100693_160x.jpg?v=1625990578,https://cdn.shopify.com/s/files/1/0534/2501/2925/products/mauve-cotton-corduroy-baggy-shorts-baggy-shorts-950871_160x.jpg?v=1625990578"
Beige Dabu Print Cotton Flared Shorts  ,"Available for Waist 19"" - 63"" | Petite - Tall","Craft: Dabu Hand-Lep Print,Primary Fabric: 100% Cotton - Natural Dyed, Hand Lep-ed in Bagru (Rajasthan),This garment is Hand Embroidered,Pattern: Solid, Contemporary,Color: Beige,Style: Flared,Length: Mid-Thigh Length,High Rise waist,Full Elasticated Waist,This garment has Slash Pocket, Rounded Pocket,Number of Pockets: 2,Garment Transparency: Opaque,Relaxed Fit","3,390","https://cdn.shopify.com/s/files/1/0534/2501/2925/products/beige-dabu-print-cotton-flared-shorts-flared-shorts-193530_160x.jpg?v=1625847290,https://cdn.shopify.com/s/files/1/0534/2501/2925/products/beige-dabu-print-cotton-flared-shorts-flared-shorts-131156_160x.jpg?v=1625847290,https://cdn.shopify.com/s/files/1/0534/2501/2925/products/beige-dabu-print-cotton-flared-shorts-flared-shorts-240543_160x.jpg?v=1625847290,https://cdn.shopify.com/s/files/1/0534/2501/2925/products/beige-dabu-print-cotton-flared-shorts-flared-shorts-982308_160x.jpg?v=1625847290,https://cdn.shopify.com/s/files/1/0534/2501/2925/products/beige-dabu-print-cotton-flared-shorts-flared-shorts-140936_160x.jpg?v=1625847290,https://cdn.shopify.com/s/files/1/0534/2501/2925/products/beige-dabu-print-cotton-flared-shorts-flared-shorts-333072_160x.jpg?v=1625847290"
Striped Handwoven Flared Godet Shorts  ,"Available for Waist 19"" - 63"" | Petite - Tall","Primary Fabric: 100% Cotton (South Cotton) - Yarn Dyed, Hand Woven in Chinnalapatti (Tamil Nadu),This is a lined garment,Pattern: Solid, Stripes,Color: Mustard,Style: Godet, Flared,Length: Mid-Thigh Length,Mid Rise waist,Waistbandless,This garment has Inseam Pocket,Number of Pockets: 2,Garment Transparency: Opaque,Loose Fit,Concealed Zip at left","4,180","https://cdn.shopify.com/s/files/1/0534/2501/2925/products/striped-handwoven-flared-godet-shorts-godet-shorts-538822_160x.jpg?v=1625990161,https://cdn.shopify.com/s/files/1/0534/2501/2925/products/striped-handwoven-flared-godet-shorts-godet-shorts-546514_160x.jpg?v=1625990161,https://cdn.shopify.com/s/files/1/0534/2501/2925/products/striped-handwoven-flared-godet-shorts-godet-shorts-698573_160x.jpg?v=1625990161,https://cdn.shopify.com/s/files/1/0534/2501/2925/products/striped-handwoven-flared-godet-shorts-godet-shorts-662355_160x.jpg?v=1625990161,https://cdn.shopify.com/s/files/1/0534/2501/2925/products/striped-handwoven-flared-godet-shorts-godet-shorts-178092_160x.jpg?v=1625990161,https://cdn.shopify.com/s/files/1/0534/2501/2925/products/striped-handwoven-flared-godet-shorts-godet-shorts-621927_160x.jpg?v=1625990161"
Aqua Blue Hand Tie Dyed Short Shorts  ,"Available for Waist 19"" - 63"" | Petite - Tall","Craft: Tie Dye,Primary Fabric: 100% Cotton - Hand Tie Dyed in Sanganer (Rajasthan),This is a lined garment,Pattern: Solid, Stripes,Color: Blue,Button Type: Shell,Style: Short,Length: Mid-Thigh Length,Mid Rise waist,Half Elasticated Waist,This garment has Slash Pocket,Number of Pockets: 2,Garment Transparency: Opaque,Comfort Fit,Drawstring at both sides","3,390","https://cdn.shopify.com/s/files/1/0534/2501/2925/products/aqua-blue-tie-dye-short-shorts-short-shorts-411870_160x.jpg?v=1626187030,https://cdn.shopify.com/s/files/1/0534/2501/2925/products/aqua-blue-tie-dye-short-shorts-short-shorts-570714_160x.jpg?v=1626187030,https://cdn.shopify.com/s/files/1/0534/2501/2925/products/aqua-blue-tie-dye-short-shorts-short-shorts-751966_160x.jpg?v=1626187030,https://cdn.shopify.com/s/files/1/0534/2501/2925/products/aqua-blue-tie-dye-short-shorts-short-shorts-718582_160x.jpg?v=1626187030,https://cdn.shopify.com/s/files/1/0534/2501/2925/products/aqua-blue-tie-dye-short-shorts-short-shorts-521735_160x.jpg?v=1626187030,https://cdn.shopify.com/s/files/1/0534/2501/2925/products/aqua-blue-tie-dye-short-shorts-short-shorts-238076_160x.jpg?v=1626187030,https://cdn.shopify.com/s/files/1/0534/2501/2925/products/aqua-blue-tie-dye-short-shorts-short-shorts-184257_160x.jpg?v=1626187030"
Teal Mid-Rise Cotton Straight Shorts  ,"Available for Waist 19"" - 63"" | Petite - Tall","Primary Fabric: 100% Cotton,Pattern: Solid,Color: Teal,Style: Straight ,Length: Mid-Thigh Length,Mid Rise waist,Full Elasticated Waist,This garment has Inseam Pocket,Number of Pockets: 2,Garment Transparency: Opaque,Comfort Fit,Drawstring at Waist","1,880","https://cdn.shopify.com/s/files/1/0534/2501/2925/products/teal-mid-rise-cotton-straight-shorts-straight-shorts-446270_160x.jpg?v=1611242457,https://cdn.shopify.com/s/files/1/0534/2501/2925/products/teal-mid-rise-cotton-straight-shorts-straight-shorts-809234_160x.jpg?v=1611242457,https://cdn.shopify.com/s/files/1/0534/2501/2925/products/teal-mid-rise-cotton-straight-shorts-straight-shorts-735686_160x.jpg?v=1611242457,https://cdn.shopify.com/s/files/1/0534/2501/2925/products/teal-mid-rise-cotton-straight-shorts-straight-shorts-536374_160x.jpg?v=1611242457,https://cdn.shopify.com/s/files/1/0534/2501/2925/products/teal-mid-rise-cotton-straight-shorts-straight-shorts-317077_160x.jpg?v=1611242457"
Powder Blue Checkered Handspun Shorts  ,"Available for Waist 19"" - 63"" | Petite - Tall","Primary Fabric: 100% Cotton Muslin - Yarn Dyed, Azo-Free Dyed, Handspun, Hand Woven in Murshidabad (West Bengal),This is a lined garment,Pattern: Checks,Color: Powder Blue, White,Style: Straight ,Length: Mid-Thigh Length,High Rise waist,Half Elasticated Waist, Attached Belt at Waist,This garment has Slash Pocket,Number of Pockets: 2,Garment Transparency: Translucent,Comfort Fit,Tie-Up at front","4,840","https://cdn.shopify.com/s/files/1/0534/2501/2925/products/powder-blue-checkered-handspun-shorts-straight-shorts-428206_160x.jpg?v=1625992472,https://cdn.shopify.com/s/files/1/0534/2501/2925/products/powder-blue-checkered-handspun-shorts-straight-shorts-240981_160x.jpg?v=1625992472,https://cdn.shopify.com/s/files/1/0534/2501/2925/products/powder-blue-checkered-handspun-shorts-straight-shorts-686367_160x.jpg?v=1625992472,https://cdn.shopify.com/s/files/1/0534/2501/2925/products/powder-blue-checkered-handspun-shorts-straight-shorts-530598_160x.jpg?v=1625992472,https://cdn.shopify.com/s/files/1/0534/2501/2925/products/powder-blue-checkered-handspun-shorts-straight-shorts-109983_160x.jpg?v=1625992472,https://cdn.shopify.com/s/files/1/0534/2501/2925/products/powder-blue-checkered-handspun-shorts-straight-shorts-523607_160x.jpg?v=1625992472"
Vegetable Dyed Off-White Paneled Shorts  ,"Available for Waist 19"" - 63"" | Petite - Tall","Primary Fabric: 100% Cotton - Yarn Dyed, Vegetable Dyed in Ahmedabad (Gujarat), Handspun, Hand Woven in Nagri (Tamil Nadu),Pattern: Checks,Color: Off-white, Pink,Style: Paneled,Length: Mid-Thigh Length,Mid Rise waist,Full Elasticated Waist,This garment has Slash Pocket,Number of Pockets: 2,Garment Transparency: Opaque,Comfort Fit","3,940","https://cdn.shopify.com/s/files/1/0534/2501/2925/products/vegetable-dyed-off-white-paneled-shorts-paneled-shorts-120047_160x.jpg?v=1626283687,https://cdn.shopify.com/s/files/1/0534/2501/2925/products/vegetable-dyed-off-white-paneled-shorts-paneled-shorts-297253_160x.jpg?v=1626283687,https://cdn.shopify.com/s/files/1/0534/2501/2925/products/vegetable-dyed-off-white-paneled-shorts-paneled-shorts-278679_160x.jpg?v=1626283687,https://cdn.shopify.com/s/files/1/0534/2501/2925/products/vegetable-dyed-off-white-paneled-shorts-paneled-shorts-215418_160x.jpg?v=1626283687,https://cdn.shopify.com/s/files/1/0534/2501/2925/products/vegetable-dyed-off-white-paneled-shorts-paneled-shorts-377677_160x.jpg?v=1626283687"
Natural Dyed Mid Rise Dabu Printed Shorts  ,"Available for Waist 19"" - 63"" | Petite - Tall","Craft: Dabu Hand Block Print,Primary Fabric: 100% Cotton - Natural Dyed, Hand Block Printed in Sanganer (Rajasthan),This is a lined garment,Pattern: Floral, Contemporary,Color: Indigo,Style: Short,Length: Mid-Thigh Length,Mid Rise waist,Half Elasticated Waist,This garment has Patch Pocket,Number of Pockets: 2,Garment Transparency: Opaque,Comfort Fit,Cord Piping ","2,820","https://cdn.shopify.com/s/files/1/0534/2501/2925/products/dabu-indigo-short-shorts-short-shorts-668532_160x.jpg?v=1626084919,https://cdn.shopify.com/s/files/1/0534/2501/2925/products/dabu-indigo-short-shorts-short-shorts-799415_160x.jpg?v=1626084919,https://cdn.shopify.com/s/files/1/0534/2501/2925/products/dabu-indigo-short-shorts-short-shorts-918230_160x.jpg?v=1626084919,https://cdn.shopify.com/s/files/1/0534/2501/2925/products/dabu-indigo-short-shorts-short-shorts-237455_160x.jpg?v=1626084919,https://cdn.shopify.com/s/files/1/0534/2501/2925/products/dabu-indigo-short-shorts-short-shorts-266670_160x.jpg?v=1626084919"
White Short Crinkled Cotton Shorts  ,"Available for Waist 19"" - 63"" | Petite - Tall","Primary Fabric: 100% Cotton - Crinkled,This is a lined garment,Pattern: Solid,Color: Off-white,Style: Short,Length: Mid-Thigh Length,Mid Rise waist,Half Elasticated Waist, Attached Belt at Waist,This garment has Slash Pocket,Number of Pockets: 2,Garment Transparency: Opaque,Comfort Fit","4,000","https://cdn.shopify.com/s/files/1/0534/2501/2925/products/white-short-crinkled-cotton-shorts-short-shorts-679340_160x.jpg?v=1625993784,https://cdn.shopify.com/s/files/1/0534/2501/2925/products/white-short-crinkled-cotton-shorts-short-shorts-166598_160x.jpg?v=1625993784,https://cdn.shopify.com/s/files/1/0534/2501/2925/products/white-short-crinkled-cotton-shorts-short-shorts-268133_160x.jpg?v=1625993784,https://cdn.shopify.com/s/files/1/0534/2501/2925/products/white-short-crinkled-cotton-shorts-short-shorts-244886_160x.jpg?v=1625993784,https://cdn.shopify.com/s/files/1/0534/2501/2925/products/white-short-crinkled-cotton-shorts-short-shorts-892179_160x.jpg?v=1625993784,https://cdn.shopify.com/s/files/1/0534/2501/2925/products/white-short-crinkled-cotton-shorts-short-shorts-577404_160x.jpg?v=1625993784,https://cdn.shopify.com/s/files/1/0534/2501/2925/products/white-short-crinkled-cotton-shorts-short-shorts-717647_160x.jpg?v=1625993784"
Khaki Vegetable Dyed Handspun Short Shorts  ,"Available for Waist 19"" - 63"" | Petite - Tall","Primary Fabric: 100% Cotton - Vegetable Dyed in Ahmedabad (Gujarat), Handspun, Hand Woven in Nagri (Tamil Nadu),Pattern: Solid,Color: Khaki Green,Style: Short,Length: Mid-Thigh Length,Mid Rise waist,Full Elasticated Waist, Attached Belt at Waist,This garment has Patch Pocket, Mobile Pocket,Number of Pockets: 4,Garment Transparency: Opaque,Comfort Fit,Contrast Top Stitch ","4,670","https://cdn.shopify.com/s/files/1/0534/2501/2925/products/khakhi-vegetable-dyed-handspun-short-shorts-short-shorts-683178_160x.jpg?v=1626083172,https://cdn.shopify.com/s/files/1/0534/2501/2925/products/khakhi-vegetable-dyed-handspun-short-shorts-short-shorts-974820_160x.jpg?v=1626083172,https://cdn.shopify.com/s/files/1/0534/2501/2925/products/khakhi-vegetable-dyed-handspun-short-shorts-short-shorts-725976_160x.jpg?v=1626083172,https://cdn.shopify.com/s/files/1/0534/2501/2925/products/khakhi-vegetable-dyed-handspun-short-shorts-short-shorts-401467_160x.jpg?v=1626083172,https://cdn.shopify.com/s/files/1/0534/2501/2925/products/khakhi-vegetable-dyed-handspun-short-shorts-short-shorts-346326_160x.jpg?v=1626083172"
White Mid Rise Paisley Short Shorts  ,"Available for Waist 19"" - 63"" | Petite - Tall","Craft: Sanganeri Hand Block Print,Primary Fabric: 100% Cotton - Azo-Free Dyed, Hand Block Printed in Sanganer (Rajasthan),This is a lined garment,This garment is Hand Embroidered,Pattern: Paisley, Contemporary,Color: White, Pink,Lace: Block-Printed Lace,Style: Short,Length: Mid-Thigh Length,Mid Rise waist,Banded waist,This garment has Inseam Pocket,Number of Pockets: 2,Garment Transparency: Opaque,Relaxed Fit,Tie-Up at waist","3,800","https://cdn.shopify.com/s/files/1/0534/2501/2925/products/white-handblock-printed-paisley-short-shorts-short-shorts-799175_160x.jpg?v=1626371001,https://cdn.shopify.com/s/files/1/0534/2501/2925/products/white-handblock-printed-paisley-short-shorts-short-shorts-554380_160x.jpg?v=1626371001,https://cdn.shopify.com/s/files/1/0534/2501/2925/products/white-handblock-printed-paisley-short-shorts-short-shorts-425966_160x.jpg?v=1626371001,https://cdn.shopify.com/s/files/1/0534/2501/2925/products/white-handblock-printed-paisley-short-shorts-short-shorts-622898_160x.jpg?v=1626371001,https://cdn.shopify.com/s/files/1/0534/2501/2925/products/white-handblock-printed-paisley-short-shorts-short-shorts-684463_160x.jpg?v=1626371001"
Pink Flannel Convertible Pant Shorts  ,"Available for Waist 19"" - 63"" | Petite - Tall","Primary Fabric: 100% Cotton Flannel,Pattern: Solid,Color: English Rose,Button Type: Shell,Style: Convertible Straight Cargo Pant Shorts,Length: Ankle Length when worn as Pant. Mid-Thigh Length when worn as Shorts,Mid Rise waist,Half Elasticated Waist,This garment has Slash Pocket,Number of Pockets: 2,Garment Transparency: Opaque,Relaxed Fit,Exposed Zip at Front","4,630","https://cdn.shopify.com/s/files/1/0534/2501/2925/products/convertible-pink-flannel-pant-shorts-straight-shorts-594018_160x.jpg?v=1625989303,https://cdn.shopify.com/s/files/1/0534/2501/2925/products/convertible-pink-flannel-pant-shorts-straight-shorts-350128_160x.jpg?v=1625989303,https://cdn.shopify.com/s/files/1/0534/2501/2925/products/convertible-pink-flannel-pant-shorts-straight-shorts-534875_160x.jpg?v=1625989303,https://cdn.shopify.com/s/files/1/0534/2501/2925/products/convertible-pink-flannel-pant-shorts-straight-shorts-953105_160x.jpg?v=1625989309,https://cdn.shopify.com/s/files/1/0534/2501/2925/products/convertible-pink-flannel-pant-shorts-straight-shorts-491116_160x.jpg?v=1625989303,https://cdn.shopify.com/s/files/1/0534/2501/2925/products/convertible-pink-flannel-pant-shorts-straight-shorts-111323_160x.jpg?v=1625989303,https://cdn.shopify.com/s/files/1/0534/2501/2925/products/convertible-pink-flannel-pant-shorts-straight-shorts-179966_160x.jpg?v=1625989303,https://cdn.shopify.com/s/files/1/0534/2501/2925/products/convertible-pink-flannel-pant-shorts-straight-shorts-300373_160x.jpg?v=1625989303,https://cdn.shopify.com/s/files/1/0534/2501/2925/products/convertible-pink-flannel-pant-shorts-straight-shorts-232445_160x.jpg?v=1625989303,https://cdn.shopify.com/s/files/1/0534/2501/2925/products/convertible-pink-flannel-pant-shorts-straight-shorts-443566_160x.jpg?v=1625989303,https://cdn.shopify.com/s/files/1/0534/2501/2925/products/convertible-pink-flannel-pant-shorts-straight-shorts-800316_160x.jpg?v=1625989309,https://cdn.shopify.com/s/files/1/0534/2501/2925/products/convertible-pink-flannel-pant-shorts-straight-shorts-868160_160x.jpg?v=1625989309,https://cdn.shopify.com/s/files/1/0534/2501/2925/products/convertible-pink-flannel-pant-shorts-straight-shorts-535055_160x.jpg?v=1625989303"
Teal Blue Comfort Fit Short Shorts  ,"Available for Waist 19"" - 63"" | Petite - Tall","Primary Fabric: 100% Cotton - Yarn Dyed,Pattern: Solid,Color: Teal,Style: Short, Straight ,Length: ,Mid Rise waist,Half Elasticated Waist,This garment has Inseam Pocket,Number of Pockets: 2,Garment Transparency: Opaque,Comfort Fit","1,900","https://cdn.shopify.com/s/files/1/0534/2501/2925/products/teal-blue-comfort-fit-short-shorts-short-shorts-596694_160x.jpg?v=1611244484,https://cdn.shopify.com/s/files/1/0534/2501/2925/products/teal-blue-comfort-fit-short-shorts-short-shorts-293275_160x.jpg?v=1611244484,https://cdn.shopify.com/s/files/1/0534/2501/2925/products/teal-blue-comfort-fit-short-shorts-short-shorts-778495_160x.jpg?v=1611244484,https://cdn.shopify.com/s/files/1/0534/2501/2925/products/teal-blue-comfort-fit-short-shorts-short-shorts-806010_160x.jpg?v=1611244484,https://cdn.shopify.com/s/files/1/0534/2501/2925/products/teal-blue-comfort-fit-short-shorts-short-shorts-111204_160x.jpg?v=1611244484"
Violet Striped Mangalgiri Cotton Shorts  ,"Available for Waist 19"" - 63"" | Petite - Tall","Primary Fabric: 100% Cotton Mangalgiri - Yarn Dyed, Woven in Chinnalapatti (Tamil Nadu),Pattern: Stripes,Color: Violet,Style: Short,Length: Mid-Thigh Length,High Rise waist,Half Elasticated Waist,This garment has Slash Pocket,Number of Pockets: 2,Garment Transparency: Opaque,Relaxed Fit,Pin Tucks at front","3,440","https://cdn.shopify.com/s/files/1/0534/2501/2925/products/violet-mangalgiri-cotton-short-shorts-short-shorts-603837_160x.jpg?v=1625991042,https://cdn.shopify.com/s/files/1/0534/2501/2925/products/violet-mangalgiri-cotton-short-shorts-short-shorts-544081_160x.jpg?v=1625991042,https://cdn.shopify.com/s/files/1/0534/2501/2925/products/violet-mangalgiri-cotton-short-shorts-short-shorts-111444_160x.jpg?v=1625991042,https://cdn.shopify.com/s/files/1/0534/2501/2925/products/violet-mangalgiri-cotton-short-shorts-short-shorts-273810_160x.jpg?v=1625991042,https://cdn.shopify.com/s/files/1/0534/2501/2925/products/violet-mangalgiri-cotton-short-shorts-short-shorts-948141_160x.jpg?v=1625991042"
Navy Blue Striped Paneled Shorts  ,"Available for Waist 19"" - 63"" | Petite - Tall","Primary Fabric: 100% Cotton - Yarn Dyed,Pattern: Stripes,Color: Navy Blue,Style: Paneled, Short,Length: Mid-Thigh Length,Mid Rise waist,This garment has Inseam Pocket,Number of Pockets: 2,Garment Transparency: Opaque,Comfort Fit,Elasticated at Side Panels of Waist","2,580","https://cdn.shopify.com/s/files/1/0534/2501/2925/products/navy-blue-striped-paneled-shorts-paneled-shorts-861032_160x.jpg?v=1611241305,https://cdn.shopify.com/s/files/1/0534/2501/2925/products/navy-blue-striped-paneled-shorts-paneled-shorts-643629_160x.jpg?v=1611241305,https://cdn.shopify.com/s/files/1/0534/2501/2925/products/navy-blue-striped-paneled-shorts-paneled-shorts-446502_160x.jpg?v=1611241305,https://cdn.shopify.com/s/files/1/0534/2501/2925/products/navy-blue-striped-paneled-shorts-paneled-shorts-340285_160x.jpg?v=1611241305,https://cdn.shopify.com/s/files/1/0534/2501/2925/products/navy-blue-striped-paneled-shorts-paneled-shorts-653218_160x.jpg?v=1611241305,https://cdn.shopify.com/s/files/1/0534/2501/2925/products/navy-blue-striped-paneled-shorts-paneled-shorts-919867_160x.jpg?v=1611241305"
Handspun Brown Flared Shorts  ,"Available for Waist 19"" - 63"" | Petite - Tall","Primary Fabric: 100% Cotton - Yarn Dyed, Azo-Free Dyed, Handspun, Hand Woven in Murshidabad (West Bengal),This is a lined garment,Pattern: Solid,Color: Brown,Style: Flared,Length: Mid-Thigh Length,Mid Rise waist,Half Elasticated Waist,This garment has Inseam Pocket,Number of Pockets: 2,Garment Transparency: Opaque,Comfort Fit","3,720","https://cdn.shopify.com/s/files/1/0534/2501/2925/products/handspun-brown-flared-shorts-flared-shorts-171324_160x.jpg?v=1626080841,https://cdn.shopify.com/s/files/1/0534/2501/2925/products/handspun-brown-flared-shorts-flared-shorts-875565_160x.jpg?v=1626080841,https://cdn.shopify.com/s/files/1/0534/2501/2925/products/handspun-brown-flared-shorts-flared-shorts-517788_160x.jpg?v=1626080841,https://cdn.shopify.com/s/files/1/0534/2501/2925/products/handspun-brown-flared-shorts-flared-shorts-183739_160x.jpg?v=1626080841,https://cdn.shopify.com/s/files/1/0534/2501/2925/products/handspun-brown-flared-shorts-flared-shorts-563954_160x.jpg?v=1626080841,https://cdn.shopify.com/s/files/1/0534/2501/2925/products/handspun-brown-flared-shorts-flared-shorts-643506_160x.jpg?v=1626080841"
Teal Blue Low Rise Short Cotton Shorts  ,"Available for Waist 19"" - 63"" | Petite - Tall","Primary Fabric: 100% Cotton,Pattern: Solid,Color: Teal,Button Type: Shell,Style: Short,Length: Mid-Thigh Length,Low Rise waist,Half Elasticated Waist,This garment has Slash Pocket,Number of Pockets: 2,Garment Transparency: Opaque,Comfort Fit,Drawstring at waist,Functional Specialty: Curved Hem","3,140","https://cdn.shopify.com/s/files/1/0534/2501/2925/products/teal-blue-low-rise-short-cotton-shorts-short-shorts-147767_160x.jpg?v=1625993203,https://cdn.shopify.com/s/files/1/0534/2501/2925/products/teal-blue-low-rise-short-cotton-shorts-short-shorts-543892_160x.jpg?v=1625993203,https://cdn.shopify.com/s/files/1/0534/2501/2925/products/teal-blue-low-rise-short-cotton-shorts-short-shorts-142755_160x.jpg?v=1625993203,https://cdn.shopify.com/s/files/1/0534/2501/2925/products/teal-blue-low-rise-short-cotton-shorts-short-shorts-592756_160x.jpg?v=1625993203,https://cdn.shopify.com/s/files/1/0534/2501/2925/products/teal-blue-low-rise-short-cotton-shorts-short-shorts-223174_160x.jpg?v=1625993203"
Purple Flannel Convertible Pant Shorts  ,"Available for Waist 19"" - 63"" | Petite - Tall","Primary Fabric: 100% Cotton Flannel,Pattern: Solid,Color: Grape Wine,Button Type: Shell,Style: Convertible Straight Cargo Pant Shorts,Length: Ankle Length when worn as Pant. Mid-Thigh Length when worn as Shorts,Mid Rise waist,Half Elasticated Waist,This garment has Slash Pocket,Number of Pockets: 2,Garment Transparency: Opaque,Relaxed Fit,Exposed Zip at Front","4,630","https://cdn.shopify.com/s/files/1/0534/2501/2925/products/purple-flannel-convertible-pant-shorts-pant-shorts-644612_160x.jpg?v=1630151484,https://cdn.shopify.com/s/files/1/0534/2501/2925/products/purple-flannel-convertible-pant-shorts-pant-shorts-841678_160x.jpg?v=1611242402,https://cdn.shopify.com/s/files/1/0534/2501/2925/products/purple-flannel-convertible-pant-shorts-pant-shorts-269184_160x.jpg?v=1611242402,https://cdn.shopify.com/s/files/1/0534/2501/2925/products/purple-flannel-convertible-pant-shorts-pant-shorts-125674_160x.jpg?v=1611242402,https://cdn.shopify.com/s/files/1/0534/2501/2925/products/purple-flannel-convertible-pant-shorts-pant-shorts-514479_160x.jpg?v=1611242402,https://cdn.shopify.com/s/files/1/0534/2501/2925/products/purple-flannel-convertible-pant-shorts-pant-shorts-819404_160x.jpg?v=1611242402,https://cdn.shopify.com/s/files/1/0534/2501/2925/products/purple-flannel-convertible-pant-shorts-pant-shorts-687675_160x.jpg?v=1611242402,https://cdn.shopify.com/s/files/1/0534/2501/2925/products/purple-flannel-convertible-pant-shorts-pant-shorts-131869_160x.jpg?v=1611242402,https://cdn.shopify.com/s/files/1/0534/2501/2925/products/purple-flannel-convertible-pant-shorts-pant-shorts-529126_160x.jpg?v=1611242402,https://cdn.shopify.com/s/files/1/0534/2501/2925/products/purple-flannel-convertible-pant-shorts-pant-shorts-909166_160x.jpg?v=1611242403,https://cdn.shopify.com/s/files/1/0534/2501/2925/products/purple-flannel-convertible-pant-shorts-pant-shorts-974872_160x.jpg?v=1611242403,https://cdn.shopify.com/s/files/1/0534/2501/2925/products/purple-flannel-convertible-pant-shorts-pant-shorts-218760_160x.jpg?v=1611242403,https://cdn.shopify.com/s/files/1/0534/2501/2925/products/purple-flannel-convertible-pant-shorts-pant-shorts-811806_160x.jpg?v=1630151524"
Breezy Handspun Cotton Checks Shorts  ,"Available for Waist 19"" - 63"" | Petite - Tall","Primary Fabric: 100% Cotton Muslin - Yarn Dyed, Azo-Free Dyed, Handspun, Hand Woven in Murshidabad (West Bengal),This is a lined garment,Pattern: Checks,Color: Bottle Green, Brown,Style: Short,Length: Mid-Thigh Length,Mid Rise waist,Full Elasticated Waist,This garment has Patch Pocket,Number of Pockets: 2,Garment Transparency: Opaque,Relaxed Fit,Functional Specialty: Fringes At Pocket","3,200","https://cdn.shopify.com/s/files/1/0534/2501/2925/products/breezy-handspun-short-shorts-short-shorts-232614_160x.jpg?v=1626172136,https://cdn.shopify.com/s/files/1/0534/2501/2925/products/breezy-handspun-short-shorts-short-shorts-555500_160x.jpg?v=1626172136,https://cdn.shopify.com/s/files/1/0534/2501/2925/products/breezy-handspun-short-shorts-short-shorts-464794_160x.jpg?v=1626172136,https://cdn.shopify.com/s/files/1/0534/2501/2925/products/breezy-handspun-short-shorts-short-shorts-582325_160x.jpg?v=1626172136,https://cdn.shopify.com/s/files/1/0534/2501/2925/products/breezy-handspun-short-shorts-short-shorts-254477_160x.jpg?v=1626172136"
Red Solid Cotton Short Shorts  ,"Available for Waist 19"" - 63"" | Petite - Tall","Primary Fabric: 100% Cotton,Pattern: Solid,Color: Red, Pink,Style: Short,Length: Mid-Thigh Length,Mid Rise waist,Full Elasticated Waist,This garment has Slash Pocket, Mobile Pocket,Number of Pockets: 3,Garment Transparency: Opaque,Relaxed Fit","2,460","https://cdn.shopify.com/s/files/1/0534/2501/2925/products/red-solid-cotton-short-shorts-short-shorts-467892_160x.jpg?v=1611250620,https://cdn.shopify.com/s/files/1/0534/2501/2925/products/red-solid-cotton-short-shorts-short-shorts-349011_160x.jpg?v=1611250620,https://cdn.shopify.com/s/files/1/0534/2501/2925/products/red-solid-cotton-short-shorts-short-shorts-775353_160x.jpg?v=1611250620,https://cdn.shopify.com/s/files/1/0534/2501/2925/products/red-solid-cotton-short-shorts-short-shorts-704787_160x.jpg?v=1611250620,https://cdn.shopify.com/s/files/1/0534/2501/2925/products/red-solid-cotton-short-shorts-short-shorts-272345_160x.jpg?v=1611250620"
Bottle Green Handspun Cotton Short Shorts  ,"Available for Waist 19"" - 63"" | Petite - Tall","Primary Fabric: 100% Cotton - Yarn Dyed, Azo-Free Dyed, Handspun, Hand Woven in Murshidabad (West Bengal),Pattern: Checks,Color: Bottle Green,Button Type: Wood,Style: Short,Length: Mid-Thigh Length,Mid Rise waist,Half Elasticated Waist,This garment has Slash Pocket, Patch Pocket,Number of Pockets: 4,Garment Transparency: Opaque,Relaxed Fit,Belt Loops","4,330","https://cdn.shopify.com/s/files/1/0534/2501/2925/products/6L3A1635copy_160x.jpg?v=1638421904,https://cdn.shopify.com/s/files/1/0534/2501/2925/products/6L3A1638copy_160x.jpg?v=1638421904,https://cdn.shopify.com/s/files/1/0534/2501/2925/products/6L3A1630copy_160x.jpg?v=1638421904,https://cdn.shopify.com/s/files/1/0534/2501/2925/products/6L3A1632copy_160x.jpg?v=1638421904,https://cdn.shopify.com/s/files/1/0534/2501/2925/products/6L3A1637copy_160x.jpg?v=1638421904,https://cdn.shopify.com/s/files/1/0534/2501/2925/products/6L3A1641copy_160x.jpg?v=1638421895"
Beige 100% Cotton Low-Rise Short Shorts  ,"Available for Waist 19"" - 63"" | Petite - Tall","Primary Fabric: 100% Cotton,Pattern: Solid,Color: Beige,Button Type: Shell,Style: Short,Length: Mid-Thigh Length,Low Rise waist,Half Elasticated Waist,This garment has Slash Pocket,Number of Pockets: 2,Garment Transparency: Opaque,Comfort Fit,Drawstring at waist,Functional Specialty: Curved Hem","3,130","https://cdn.shopify.com/s/files/1/0534/2501/2925/products/JNPR3304_160x.jpg?v=1639981239,https://cdn.shopify.com/s/files/1/0534/2501/2925/products/JNPR3316_160x.jpg?v=1639981246,https://cdn.shopify.com/s/files/1/0534/2501/2925/products/JNPR3301_160x.jpg?v=1639981246,https://cdn.shopify.com/s/files/1/0534/2501/2925/products/JNPR3308_160x.jpg?v=1639981246,https://cdn.shopify.com/s/files/1/0534/2501/2925/products/JNPR3311_160x.jpg?v=1639981246"
Indigo Dabu Print High Rise Comfort Fit Shorts  ,"Available for Waist 19"" - 63"" | Petite - Tall","Craft: Dabu Hand Block Print,Primary Fabric: 100% Cotton - Natural Dyed, Hand Block Printed in Sanganer (Rajasthan),This is a lined garment,Pattern: Botanical, Floral,Color: Indigo,Style: Short,Length: Mid-Thigh Length,High Rise waist,Waistbandless,This garment has Inseam Pocket,Number of Pockets: 2,Garment Transparency: Opaque,Comfort Fit,Tie-Up at Waist,Concealed Zip at The Left,Cord Piping","2,800","https://cdn.shopify.com/s/files/1/0534/2501/2925/products/IMG_0958_d4a508f7-cc33-467e-aed6-bebbc60246d8_160x.jpg?v=1638422191,https://cdn.shopify.com/s/files/1/0534/2501/2925/products/IMG_0963_6496a8f4-25a9-4a94-aa6d-bbe7c095653f_160x.jpg?v=1638422191,https://cdn.shopify.com/s/files/1/0534/2501/2925/products/IMG_0956_9f1a743e-afc5-4c25-a6fc-db4f785a88ed_160x.jpg?v=1638422191,https://cdn.shopify.com/s/files/1/0534/2501/2925/products/IMG_0957_70cb5374-93f5-48a9-87aa-a2f6430ddd63_160x.jpg?v=1638422191,https://cdn.shopify.com/s/files/1/0534/2501/2925/products/IMG_0961_c1aa365d-6d11-4b2f-a248-83e4d989a745_160x.jpg?v=1638422191"
Sky Blue Handspun Cozy Bermuda Shorts  ,"Available for Waist 19"" - 63"" | Petite - Tall","Primary Fabric: 100% Cotton - Yarn Dyed, Azo-Free Dyed, Handspun, Hand Woven in Murshidabad (West Bengal),Pattern: Solid,Color: Sky Blue,Button Type: Shell,Style: Bermuda,Length: Above-The-Knee,Mid Rise waist,Half Elasticated Waist,This garment has Inseam Pocket,Number of Pockets: 2,Garment Transparency: Opaque,Comfort Fit,Elasticized Drawstring at waist,Functional Specialty: Roll-Up Hem","4,300","https://cdn.shopify.com/s/files/1/0534/2501/2925/products/4L4A4636_160x.jpg?v=1637644614,https://cdn.shopify.com/s/files/1/0534/2501/2925/products/4L4A4640_160x.jpg?v=1637644614,https://cdn.shopify.com/s/files/1/0534/2501/2925/products/4L4A4629_160x.jpg?v=1637644614,https://cdn.shopify.com/s/files/1/0534/2501/2925/products/4L4A4635_160x.jpg?v=1637644614,https://cdn.shopify.com/s/files/1/0534/2501/2925/products/4L4A4632_160x.jpg?v=1637644611,https://cdn.shopify.com/s/files/1/0534/2501/2925/products/4L4A4637_160x.jpg?v=1637644600"
Rust Vegetable Dyed Handspun Short Shorts  ,"Available for Waist 19"" - 63"" | Petite - Tall","Primary Fabric: 100% Cotton - Vegetable Dyed in Ahmedabad (Gujarat), Handspun, Hand Woven in Nagri (Tamil Nadu),Pattern: Solid,Color: Rust,Style: Short,Length: Mid-Thigh Length,Mid Rise waist,Full Elasticated Waist, Attached Belt at Waist,This garment has Patch Pocket, Mobile Pocket,Number of Pockets: 4,Garment Transparency: Opaque,Comfort Fit","4,660","https://cdn.shopify.com/s/files/1/0534/2501/2925/products/rust-vegetable-dyed-handspun-short-shorts-short-shorts-117885_160x.jpg?v=1626282778,https://cdn.shopify.com/s/files/1/0534/2501/2925/products/rust-vegetable-dyed-handspun-short-shorts-short-shorts-529557_160x.jpg?v=1626282778,https://cdn.shopify.com/s/files/1/0534/2501/2925/products/rust-vegetable-dyed-handspun-short-shorts-short-shorts-544971_160x.jpg?v=1626282778,https://cdn.shopify.com/s/files/1/0534/2501/2925/products/rust-vegetable-dyed-handspun-short-shorts-short-shorts-357087_160x.jpg?v=1626282778,https://cdn.shopify.com/s/files/1/0534/2501/2925/products/rust-vegetable-dyed-handspun-short-shorts-short-shorts-292549_160x.jpg?v=1626282778,https://cdn.shopify.com/s/files/1/0534/2501/2925/products/rust-vegetable-dyed-handspun-short-shorts-short-shorts-541891_160x.jpg?v=1626282778"
Yellow Vegetable Dyed Handspun Short Shorts  ,"Available for Waist 19"" - 63"" | Petite - Tall","Primary Fabric: 100% Cotton - Vegetable Dyed in Ahmedabad (Gujarat), Handspun, Hand Woven in Nagri (Tamil Nadu),Pattern: Solid,Color: Yellow,Style: Short,Length: Mid-Thigh Length,Mid Rise waist,Full Elasticated Waist, Attached Belt at Waist,This garment has Patch Pocket, Mobile Pocket,Number of Pockets: 4,Garment Transparency: Opaque,Comfort Fit","4,660","https://cdn.shopify.com/s/files/1/0534/2501/2925/products/yellow-vegetable-dyed-handspun-short-shorts-short-shorts-468816_160x.jpg?v=1626371454,https://cdn.shopify.com/s/files/1/0534/2501/2925/products/yellow-vegetable-dyed-handspun-short-shorts-short-shorts-547087_160x.jpg?v=1626371454,https://cdn.shopify.com/s/files/1/0534/2501/2925/products/yellow-vegetable-dyed-handspun-short-shorts-short-shorts-953130_160x.jpg?v=1626371454,https://cdn.shopify.com/s/files/1/0534/2501/2925/products/yellow-vegetable-dyed-handspun-short-shorts-short-shorts-574804_160x.jpg?v=1626371454,https://cdn.shopify.com/s/files/1/0534/2501/2925/products/yellow-vegetable-dyed-handspun-short-shorts-short-shorts-189483_160x.jpg?v=1626371454,https://cdn.shopify.com/s/files/1/0534/2501/2925/products/yellow-vegetable-dyed-handspun-short-shorts-short-shorts-836240_160x.jpg?v=1626371454"
Powder Pink Vegetable Dyed Handspun Short Shorts  ,"Available for Waist 19"" - 63"" | Petite - Tall","Primary Fabric: 100% Cotton - Vegetable Dyed in Ahmedabad (Gujarat), Handspun, Hand Woven in Nagri (Tamil Nadu),Pattern: Solid,Color: Powder Pink,Style: Short,Length: Mid-Thigh Length,Mid Rise waist,Full Elasticated Waist, Attached Belt at Waist,This garment has Patch Pocket, Mobile Pocket,Number of Pockets: 4,Garment Transparency: Opaque,Comfort Fit","4,660","https://cdn.shopify.com/s/files/1/0534/2501/2925/products/powder-pink-vegetable-dyed-handspun-short-shorts-short-shorts-982182_160x.jpg?v=1626282323,https://cdn.shopify.com/s/files/1/0534/2501/2925/products/powder-pink-vegetable-dyed-handspun-short-shorts-short-shorts-227718_160x.jpg?v=1626282323,https://cdn.shopify.com/s/files/1/0534/2501/2925/products/powder-pink-vegetable-dyed-handspun-short-shorts-short-shorts-969847_160x.jpg?v=1626282323,https://cdn.shopify.com/s/files/1/0534/2501/2925/products/powder-pink-vegetable-dyed-handspun-short-shorts-short-shorts-993785_160x.jpg?v=1626282323,https://cdn.shopify.com/s/files/1/0534/2501/2925/products/powder-pink-vegetable-dyed-handspun-short-shorts-short-shorts-551003_160x.jpg?v=1626282323,https://cdn.shopify.com/s/files/1/0534/2501/2925/products/powder-pink-vegetable-dyed-handspun-short-shorts-short-shorts-728897_160x.jpg?v=1626282323"
Brick Red Vegetable Dyed Handspun Short Shorts  ,"Available for Waist 19"" - 63"" | Petite - Tall","Primary Fabric: 100% Cotton - Vegetable Dyed in Ahmedabad (Gujarat), Handspun, Hand Woven in Nagri (Tamil Nadu),Pattern: Solid,Color: Brick Red,Style: Short,Length: Mid-Thigh Length,Mid Rise waist,Full Elasticated Waist, Attached Belt at Waist,This garment has Patch Pocket, Mobile Pocket,Number of Pockets: 4,Garment Transparency: Opaque,Comfort Fit","4,660","https://cdn.shopify.com/s/files/1/0534/2501/2925/products/brick-red-vegetable-dyed-handspun-short-shorts-short-shorts-663628_160x.jpg?v=1626188524,https://cdn.shopify.com/s/files/1/0534/2501/2925/products/brick-red-vegetable-dyed-handspun-short-shorts-short-shorts-577627_160x.jpg?v=1626188524,https://cdn.shopify.com/s/files/1/0534/2501/2925/products/brick-red-vegetable-dyed-handspun-short-shorts-short-shorts-578294_160x.jpg?v=1626188524,https://cdn.shopify.com/s/files/1/0534/2501/2925/products/brick-red-vegetable-dyed-handspun-short-shorts-short-shorts-461294_160x.jpg?v=1626188524,https://cdn.shopify.com/s/files/1/0534/2501/2925/products/brick-red-vegetable-dyed-handspun-short-shorts-short-shorts-392414_160x.jpg?v=1626188524,https://cdn.shopify.com/s/files/1/0534/2501/2925/products/brick-red-vegetable-dyed-handspun-short-shorts-short-shorts-354640_160x.jpg?v=1626188524"
Handspun Solid Red Casual Cotton Shorts  ,"Available for Waist 19"" - 63"" | Petite - Tall","Primary Fabric: 100% Cotton - Yarn Dyed, Azo-Free Dyed, Handspun, Hand Woven in Murshidabad (West Bengal),Pattern: Solid,Color: Red,Style: Short,Length: Mid-Thigh Length,Mid Rise waist,Half Elasticated Waist,This garment has Slash Pocket, Rounded Pocket,Number of Pockets: 2,Garment Transparency: Opaque,Relaxed Fit,Pin Tucks at Front","3,100","https://cdn.shopify.com/s/files/1/0534/2501/2925/products/handspun-solid-red-casual-cotton-shorts-short-shorts-350110_160x.jpg?v=1626191935,https://cdn.shopify.com/s/files/1/0534/2501/2925/products/handspun-solid-red-casual-cotton-shorts-short-shorts-484823_160x.jpg?v=1626191935,https://cdn.shopify.com/s/files/1/0534/2501/2925/products/handspun-solid-red-casual-cotton-shorts-short-shorts-548788_160x.jpg?v=1626191935,https://cdn.shopify.com/s/files/1/0534/2501/2925/products/handspun-solid-red-casual-cotton-shorts-short-shorts-734030_160x.jpg?v=1626191935,https://cdn.shopify.com/s/files/1/0534/2501/2925/products/handspun-solid-red-casual-cotton-shorts-short-shorts-566447_160x.jpg?v=1626191935"
Mint Green Handspun Mid-Rise Shorts  ,"Available for Waist 19"" - 63"" | Petite - Tall","Primary Fabric: 100% Cotton - Yarn Dyed, Azo-Free Dyed, Handspun, Hand Woven in Murshidabad (West Bengal),This is a lined garment,Pattern: Solid,Color: Mint Green,Button Type: Shell,Style: Short,Length: Mid-Thigh Length,Mid Rise waist,Half Elasticated Waist, Banded waist,This garment has Welt Pocket, Patch Pocket, Flap Pocket,Number of Pockets: 4,Garment Transparency: Opaque,Relaxed Fit","3,570","https://cdn.shopify.com/s/files/1/0534/2501/2925/products/mint-green-handspun-mid-rise-shorts-short-shorts-849884_160x.jpg?v=1626080718,https://cdn.shopify.com/s/files/1/0534/2501/2925/products/mint-green-handspun-mid-rise-shorts-short-shorts-881441_160x.jpg?v=1626080718,https://cdn.shopify.com/s/files/1/0534/2501/2925/products/mint-green-handspun-mid-rise-shorts-short-shorts-572218_160x.jpg?v=1626080718,https://cdn.shopify.com/s/files/1/0534/2501/2925/products/mint-green-handspun-mid-rise-shorts-short-shorts-234023_160x.jpg?v=1626080718,https://cdn.shopify.com/s/files/1/0534/2501/2925/products/mint-green-handspun-mid-rise-shorts-short-shorts-587743_160x.jpg?v=1626080718,https://cdn.shopify.com/s/files/1/0534/2501/2925/products/mint-green-handspun-mid-rise-shorts-short-shorts-321814_160x.jpg?v=1626080718"
Powder Blue Vegetable Dyed Handspun Short Shorts  ,"Available for Waist 19"" - 63"" | Petite - Tall","Primary Fabric: 100% Cotton - Vegetable Dyed in Ahmedabad (Gujarat), Handspun, Hand Woven in Nagri (Tamil Nadu),Pattern: Solid,Color: Powder Blue,Style: Short,Length: Mid-Thigh Length,Mid Rise waist,Full Elasticated Waist, Attached Belt at Waist,This garment has Patch Pocket, Mobile Pocket,Number of Pockets: 4,Garment Transparency: Opaque,Comfort Fit","4,660","https://cdn.shopify.com/s/files/1/0534/2501/2925/products/powder-blue-vegetable-dyed-handspun-short-shorts-short-shorts-323649_160x.jpg?v=1626282234,https://cdn.shopify.com/s/files/1/0534/2501/2925/products/powder-blue-vegetable-dyed-handspun-short-shorts-short-shorts-832460_160x.jpg?v=1626282234,https://cdn.shopify.com/s/files/1/0534/2501/2925/products/powder-blue-vegetable-dyed-handspun-short-shorts-short-shorts-569170_160x.jpg?v=1626282234,https://cdn.shopify.com/s/files/1/0534/2501/2925/products/powder-blue-vegetable-dyed-handspun-short-shorts-short-shorts-380090_160x.jpg?v=1626282234,https://cdn.shopify.com/s/files/1/0534/2501/2925/products/powder-blue-vegetable-dyed-handspun-short-shorts-short-shorts-515609_160x.jpg?v=1626282234,https://cdn.shopify.com/s/files/1/0534/2501/2925/products/powder-blue-vegetable-dyed-handspun-short-shorts-short-shorts-276819_160x.jpg?v=1626282234"
Beige Mid-Rise Cotton Straight Shorts  ,"Available for Waist 19"" - 63"" | Petite - Tall","Primary Fabric: 100% Cotton,Pattern: Solid,Color: Beige,Style: Straight ,Length: Mid-Thigh Length,Mid Rise waist,Full Elasticated Waist,This garment has Inseam Pocket,Number of Pockets: 2,Garment Transparency: Opaque,Comfort Fit,Drawstring at Waist","1,880","https://cdn.shopify.com/s/files/1/0534/2501/2925/products/beige-mid-rise-cotton-straight-shorts-straight-shorts-665511_160x.jpg?v=1611242420,https://cdn.shopify.com/s/files/1/0534/2501/2925/products/beige-mid-rise-cotton-straight-shorts-straight-shorts-112654_160x.jpg?v=1611242420,https://cdn.shopify.com/s/files/1/0534/2501/2925/products/beige-mid-rise-cotton-straight-shorts-straight-shorts-691123_160x.jpg?v=1611242420,https://cdn.shopify.com/s/files/1/0534/2501/2925/products/beige-mid-rise-cotton-straight-shorts-straight-shorts-493265_160x.jpg?v=1611242420"
Striped Mobile Pocket Bagru Short Shorts  ,"Available for Waist 19"" - 63"" | Petite - Tall","Craft: Bagru Hand Block Print,Primary Fabric: 100% Cotton - Natural Dyed, Hand Block Printed in Bagru (Rajasthan),Pattern: Stripes,Color: Black,Button Type: Wood,Style: Short,Length: Mid-Thigh Length,Mid Rise waist,This garment has Slash Pocket, Mobile Pocket,Number of Pockets: 4,Garment Transparency: Translucent,Slim Fit,Belt Loops ,Exposed Zip at Front","3,010","https://cdn.shopify.com/s/files/1/0534/2501/2925/products/striped-mobile-pocket-short-shorts-short-shorts-367433_160x.jpg?v=1626171990,https://cdn.shopify.com/s/files/1/0534/2501/2925/products/striped-mobile-pocket-short-shorts-short-shorts-511714_160x.jpg?v=1626171990,https://cdn.shopify.com/s/files/1/0534/2501/2925/products/striped-mobile-pocket-short-shorts-short-shorts-997255_160x.jpg?v=1626171990,https://cdn.shopify.com/s/files/1/0534/2501/2925/products/striped-mobile-pocket-short-shorts-short-shorts-429509_160x.jpg?v=1626171990,https://cdn.shopify.com/s/files/1/0534/2501/2925/products/striped-mobile-pocket-short-shorts-short-shorts-306455_160x.jpg?v=1626171990"
Block Printed Striped Boxer Shorts  ,"Available for Waist 19"" - 63"" | Petite - Tall","Craft: Sanganeri Hand Block Print,Primary Fabric: 100% Cotton - Azo-Free Dyed, Hand Block Printed in Sanganer (Rajasthan),This is a lined garment,Pattern: Stripes,Color: White,Style: Short, Boxers,Length: Mid-Thigh Length,Mid Rise waist,Full Elasticated Waist,This garment has Inseam Pocket,Number of Pockets: 2,Garment Transparency: Opaque,Relaxed Fit,Elasticized Drawstring at Waist,Handcrafted Tassels at Waist","3,690","https://cdn.shopify.com/s/files/1/0534/2501/2925/products/elastic-waist-striped-short-shorts-short-short-632362_160x.jpg?v=1626188018,https://cdn.shopify.com/s/files/1/0534/2501/2925/products/elastic-waist-striped-short-shorts-short-short-516623_160x.jpg?v=1626188018,https://cdn.shopify.com/s/files/1/0534/2501/2925/products/elastic-waist-striped-short-shorts-short-short-782747_160x.jpg?v=1626188018,https://cdn.shopify.com/s/files/1/0534/2501/2925/products/elastic-waist-striped-short-shorts-short-short-582223_160x.jpg?v=1626188018,https://cdn.shopify.com/s/files/1/0534/2501/2925/products/elastic-waist-striped-short-shorts-short-short-964367_160x.jpg?v=1626188018"
Bagru Block Print Mustard Straight Shorts  ,"Available for Waist 19"" - 63"" | Petite - Tall","Craft: Bagru Hand Block Print,Primary Fabric: 100% Cotton - Natural Dyed, Hand Block Printed in Bagru (Rajasthan),Pattern: Paisley, Contemporary, Traditional,Color: Mustard,Button Type: Shell,Style: Short, Straight ,Length: Mid-Thigh Length,High Rise waist,Banded Waist,This garment has Slash Pocket, Welt Pocket,Number of Pockets: 3,Garment Transparency: Opaque,Slim Fit,Belt Loops ,Exposed Zip at The Front","3,540","https://cdn.shopify.com/s/files/1/0534/2501/2925/products/mustard-paisley-straight-short-shorts-short-shorts-542898_160x.jpg?v=1625993460,https://cdn.shopify.com/s/files/1/0534/2501/2925/products/mustard-paisley-straight-short-shorts-short-shorts-439136_160x.jpg?v=1625993460,https://cdn.shopify.com/s/files/1/0534/2501/2925/products/mustard-paisley-straight-short-shorts-short-shorts-882396_160x.jpg?v=1625993460,https://cdn.shopify.com/s/files/1/0534/2501/2925/products/mustard-paisley-straight-short-shorts-short-shorts-516913_160x.jpg?v=1625993460,https://cdn.shopify.com/s/files/1/0534/2501/2925/products/mustard-paisley-straight-short-shorts-short-shorts-362635_160x.jpg?v=1625993460"
Powder Pink Handspun Mid Rise Shorts  ,"Available for Waist 19"" - 63"" | Petite - Tall","Primary Fabric: 100% Cotton Muslin - Yarn Dyed, Azo-Free Dyed, Handspun, Hand Woven in Murshidabad (West Bengal),This is a lined garment,Pattern: Checks,Color: Powder Pink,Style: Paneled,Length: Micro Length,Mid Rise waist,Full Elasticated Waist,This garment has Slash Pocket,Number of Pockets: 2,Garment Transparency: Opaque,Comfort Fit,Drawstring at waist","4,450","https://cdn.shopify.com/s/files/1/0534/2501/2925/products/powder-pink-handspun-paneled-shorts-paneled-shorts-609353_160x.jpg?v=1626282304,https://cdn.shopify.com/s/files/1/0534/2501/2925/products/powder-pink-handspun-paneled-shorts-paneled-shorts-274630_160x.jpg?v=1626282304,https://cdn.shopify.com/s/files/1/0534/2501/2925/products/powder-pink-handspun-paneled-shorts-paneled-shorts-267122_160x.jpg?v=1626282304,https://cdn.shopify.com/s/files/1/0534/2501/2925/products/powder-pink-handspun-paneled-shorts-paneled-shorts-778319_160x.jpg?v=1626282304,https://cdn.shopify.com/s/files/1/0534/2501/2925/products/powder-pink-handspun-paneled-shorts-paneled-shorts-957734_160x.jpg?v=1626282304"
Brick Red Block Print Floral Hot Pants  ,"Available for Waist 19"" - 63"" | Petite - Tall","Craft: Bagru Hand Block Print,Primary Fabric: 100% Cotton - Natural Dyed, Hand Block Printed in Bagru (Rajasthan),Pattern: Floral, Contemporary,Color: Brick Red,Style: Hot Pants,Length: Mid-Thigh Length,Mid Rise waist,Waistbandless,This garment has Inseam Pocket,Number of Pockets: 2,Garment Transparency: Opaque,Slim Fit,Exposed Zip at the Front,Belt Loops ","2,760","https://cdn.shopify.com/s/files/1/0534/2501/2925/products/brick-red-mid-rise-hot-pants-hot-pants-shorts-329598_160x.jpg?v=1626171553,https://cdn.shopify.com/s/files/1/0534/2501/2925/products/brick-red-mid-rise-hot-pants-hot-pants-shorts-731406_160x.jpg?v=1626171553,https://cdn.shopify.com/s/files/1/0534/2501/2925/products/brick-red-mid-rise-hot-pants-hot-pants-shorts-145244_160x.jpg?v=1626171553,https://cdn.shopify.com/s/files/1/0534/2501/2925/products/brick-red-mid-rise-hot-pants-hot-pants-shorts-287497_160x.jpg?v=1626171553,https://cdn.shopify.com/s/files/1/0534/2501/2925/products/brick-red-mid-rise-hot-pants-hot-pants-shorts-203071_160x.jpg?v=1626171553"
Ash Grey Flannel Convertible Pant Shorts  ,"Available for Waist 19"" - 63"" | Petite - Tall","Primary Fabric: 100% Cotton Flannel,Pattern: Solid,Color: Ash Grey,Button Type: Shell,Style: Convertible Straight Cargo Pant Shorts,Length: Ankle Length when worn as Pant. Mid-Thigh Length when worn as Shorts,Mid Rise waist,Half Elasticated Waist,This garment has Slash Pocket,Number of Pockets: 2,Garment Transparency: Opaque,Relaxed Fit,Exposed Zip at Front","4,630","https://cdn.shopify.com/s/files/1/0534/2501/2925/products/ash-grey-flannel-convertible-pant-shorts-pant-shorts-753382_160x.jpg?v=1630140008,https://cdn.shopify.com/s/files/1/0534/2501/2925/products/ash-grey-flannel-convertible-pant-shorts-pant-shorts-251847_160x.jpg?v=1611242357,https://cdn.shopify.com/s/files/1/0534/2501/2925/products/ash-grey-flannel-convertible-pant-shorts-pant-shorts-143366_160x.jpg?v=1611242357,https://cdn.shopify.com/s/files/1/0534/2501/2925/products/ash-grey-flannel-convertible-pant-shorts-pant-shorts-352315_160x.jpg?v=1611242358,https://cdn.shopify.com/s/files/1/0534/2501/2925/products/ash-grey-flannel-convertible-pant-shorts-pant-shorts-380806_160x.jpg?v=1611242358,https://cdn.shopify.com/s/files/1/0534/2501/2925/products/ash-grey-flannel-convertible-pant-shorts-pant-shorts-199819_160x.jpg?v=1611242358,https://cdn.shopify.com/s/files/1/0534/2501/2925/products/ash-grey-flannel-convertible-pant-shorts-pant-shorts-281145_160x.jpg?v=1611242358,https://cdn.shopify.com/s/files/1/0534/2501/2925/products/ash-grey-flannel-convertible-pant-shorts-pant-shorts-784625_160x.jpg?v=1611242358,https://cdn.shopify.com/s/files/1/0534/2501/2925/products/ash-grey-flannel-convertible-pant-shorts-pant-shorts-184982_160x.jpg?v=1611242358,https://cdn.shopify.com/s/files/1/0534/2501/2925/products/ash-grey-flannel-convertible-pant-shorts-pant-shorts-401506_160x.jpg?v=1611242358,https://cdn.shopify.com/s/files/1/0534/2501/2925/products/ash-grey-flannel-convertible-pant-shorts-pant-shorts-278156_160x.jpg?v=1611242358,https://cdn.shopify.com/s/files/1/0534/2501/2925/products/ash-grey-flannel-convertible-pant-shorts-pant-shorts-497811_160x.jpg?v=1611242358,https://cdn.shopify.com/s/files/1/0534/2501/2925/products/ash-grey-flannel-convertible-pant-shorts-pant-shorts-401993_160x.jpg?v=1611242358"
Mint Green Cotton Chambray Shorts  ,"Available for Waist 19"" - 63"" | Petite - Tall","Primary Fabric: 100% Cotton - Yarn Dyed,This is a lined garment,Pattern: Solid,Color: Mint Green,Style: Short,Length: Mid-Thigh Length,Mid Rise waist,Half Elasticated Waist,This garment has Inseam Pocket,Number of Pockets: 2,Garment Transparency: Opaque,Comfort Fit,Gathers at front","3,200","https://cdn.shopify.com/s/files/1/0534/2501/2925/products/mint-green-cotton-chambray-short-shorts-short-shorts-179758_160x.jpg?v=1626280045,https://cdn.shopify.com/s/files/1/0534/2501/2925/products/mint-green-cotton-chambray-short-shorts-short-shorts-310386_160x.jpg?v=1626280045,https://cdn.shopify.com/s/files/1/0534/2501/2925/products/mint-green-cotton-chambray-short-shorts-short-shorts-632889_160x.jpg?v=1626280045,https://cdn.shopify.com/s/files/1/0534/2501/2925/products/mint-green-cotton-chambray-short-shorts-short-shorts-532215_160x.jpg?v=1626280045,https://cdn.shopify.com/s/files/1/0534/2501/2925/products/mint-green-cotton-chambray-short-shorts-short-shorts-981076_160x.jpg?v=1626280045,https://cdn.shopify.com/s/files/1/0534/2501/2925/products/mint-green-cotton-chambray-short-shorts-short-shorts-542178_160x.jpg?v=1626280045"
Mint Green Tie and Dye Bermuda Shorts  ,"Available for Waist 19"" - 63"" | Petite - Tall","Craft: Tie Dye,Primary Fabric: 100% Cotton - Hand Tie Dyed in Sanganer (Rajasthan),This is a lined garment,Pattern: Solid, Stripes,Color: Mint Green,Button Type: Shell,Style: Bermuda,Length: Above-The-Knee,Mid Rise waist,Full Elasticated Waist,This garment has Inseam Pocket,Number of Pockets: 2,Garment Transparency: Opaque,Loose Fit,Drawstring at waist","2,970","https://cdn.shopify.com/s/files/1/0534/2501/2925/products/mint-green-tie-dye-bermuda-shorts-bermuda-shorts-467772_160x.jpg?v=1625990180,https://cdn.shopify.com/s/files/1/0534/2501/2925/products/mint-green-tie-dye-bermuda-shorts-bermuda-shorts-662673_160x.jpg?v=1625990180,https://cdn.shopify.com/s/files/1/0534/2501/2925/products/mint-green-tie-dye-bermuda-shorts-bermuda-shorts-491595_160x.jpg?v=1625990180,https://cdn.shopify.com/s/files/1/0534/2501/2925/products/mint-green-tie-dye-bermuda-shorts-bermuda-shorts-871514_160x.jpg?v=1625990180,https://cdn.shopify.com/s/files/1/0534/2501/2925/products/mint-green-tie-dye-bermuda-shorts-bermuda-shorts-446455_160x.jpg?v=1625990180,https://cdn.shopify.com/s/files/1/0534/2501/2925/products/mint-green-tie-dye-bermuda-shorts-bermuda-shorts-906073_160x.jpg?v=1625990180,https://cdn.shopify.com/s/files/1/0534/2501/2925/products/mint-green-tie-dye-bermuda-shorts-bermuda-shorts-950368_160x.jpg?v=1625990180"
Warm Dusk Beige Cotton Flannel Shorts  ,"Available for Waist 19"" - 63"" | Petite - Tall","Primary Fabric: 100% Cotton Flannel,Pattern: Solid,Color: Dusk Beige,Button Type: Coconut,Style: Short,Length: Mid-Thigh Length,High Rise waist,Banded waist,This garment has Inseam Pocket,Number of Pockets: 2,Garment Transparency: Opaque,Slim Fit,Exposed Zip at Front","3,390","https://cdn.shopify.com/s/files/1/0534/2501/2925/products/warm-dusk-beige-cotton-flannel-shorts-short-shorts-198205_160x.jpg?v=1626083754,https://cdn.shopify.com/s/files/1/0534/2501/2925/products/warm-dusk-beige-cotton-flannel-shorts-short-shorts-293835_160x.jpg?v=1626083754,https://cdn.shopify.com/s/files/1/0534/2501/2925/products/warm-dusk-beige-cotton-flannel-shorts-short-shorts-925155_160x.jpg?v=1626083754,https://cdn.shopify.com/s/files/1/0534/2501/2925/products/warm-dusk-beige-cotton-flannel-shorts-short-shorts-145757_160x.jpg?v=1626083754,https://cdn.shopify.com/s/files/1/0534/2501/2925/products/warm-dusk-beige-cotton-flannel-shorts-short-shorts-113220_160x.jpg?v=1626083754"
Sky Blue Crinkled Cotton Short Shorts  ,"Available for Waist 19"" - 63"" | Petite - Tall","Primary Fabric: 100% Cotton - Yarn Dyed, Crinkled,Pattern: Stripes,Color: Sky Blue,Style: Short,Length: Mid-Thigh Length,Mid Rise waist,Half Elasticated Waist,This garment has Inseam Pocket,Number of Pockets: 2,Garment Transparency: Translucent,Comfort Fit,Gathers at waist","3,520","https://cdn.shopify.com/s/files/1/0534/2501/2925/products/sky-blue-crinkled-cotton-short-shorts-short-shorts-561579_160x.jpg?v=1625850697,https://cdn.shopify.com/s/files/1/0534/2501/2925/products/sky-blue-crinkled-cotton-short-shorts-short-shorts-462658_160x.jpg?v=1625850697,https://cdn.shopify.com/s/files/1/0534/2501/2925/products/sky-blue-crinkled-cotton-short-shorts-short-shorts-521363_160x.jpg?v=1625850698,https://cdn.shopify.com/s/files/1/0534/2501/2925/products/sky-blue-crinkled-cotton-short-shorts-short-shorts-106361_160x.jpg?v=1625850697,https://cdn.shopify.com/s/files/1/0534/2501/2925/products/sky-blue-crinkled-cotton-short-shorts-short-shorts-284311_160x.jpg?v=1625850697,https://cdn.shopify.com/s/files/1/0534/2501/2925/products/sky-blue-crinkled-cotton-short-shorts-short-shorts-262102_160x.jpg?v=1625850697,https://cdn.shopify.com/s/files/1/0534/2501/2925/products/sky-blue-crinkled-cotton-short-shorts-short-shorts-656328_160x.jpg?v=1625850698"
Olive Green Cotton Straight Shorts  ,"Available for Waist 19"" - 63"" | Petite - Tall","Primary Fabric: 100% Cotton,Pattern: Solid,Color: Olive Green,Style: Straight ,Length: Mid-Thigh Length,Mid Rise waist,Full Elasticated Waist,This garment has Inseam Pocket,Number of Pockets: 2,Garment Transparency: Opaque,Comfort Fit,Drawstring at Waist","1,880","https://cdn.shopify.com/s/files/1/0534/2501/2925/products/olive-green-cotton-straight-shorts-straight-shorts-148624_160x.jpg?v=1611242437,https://cdn.shopify.com/s/files/1/0534/2501/2925/products/olive-green-cotton-straight-shorts-straight-shorts-974322_160x.jpg?v=1611242437,https://cdn.shopify.com/s/files/1/0534/2501/2925/products/olive-green-cotton-straight-shorts-straight-shorts-403116_160x.jpg?v=1611242437,https://cdn.shopify.com/s/files/1/0534/2501/2925/products/olive-green-cotton-straight-shorts-straight-shorts-685767_160x.jpg?v=1611242437,https://cdn.shopify.com/s/files/1/0534/2501/2925/products/olive-green-cotton-straight-shorts-straight-shorts-553617_160x.jpg?v=1611242437"
Floral Block Print Comfort Fit Shorts  ,"Available for Waist 19"" - 63"" | Petite - Tall","Craft: Bagru Hand Block Print,Primary Fabric: 100% Cotton - Natural Dyed, Hand Block Printed in Bagru (Rajasthan),Pattern: Floral, Contemporary,Color: Beige,Style: Short,Length: Micro Length,Mid Rise waist,Full Elasticated Waist,This garment has Patch Pocket,Number of Pockets: 2,Garment Transparency: Opaque,Comfort Fit,Elasticized Drawstring at Waist","2,670","https://cdn.shopify.com/s/files/1/0534/2501/2925/products/floral-bagru-printed-short-shorts-short-shorts-756458_160x.jpg?v=1625850454,https://cdn.shopify.com/s/files/1/0534/2501/2925/products/floral-bagru-printed-short-shorts-short-shorts-835454_160x.jpg?v=1625850454,https://cdn.shopify.com/s/files/1/0534/2501/2925/products/floral-bagru-printed-short-shorts-short-shorts-894813_160x.jpg?v=1625850454,https://cdn.shopify.com/s/files/1/0534/2501/2925/products/floral-bagru-printed-short-shorts-short-shorts-799069_160x.jpg?v=1625850454,https://cdn.shopify.com/s/files/1/0534/2501/2925/products/floral-bagru-printed-short-shorts-short-shorts-609254_160x.jpg?v=1625850454"
Orange Handspun Mirror Work Shorts  ,"Available for Waist 19"" - 63"" | Petite - Tall","Primary Fabric: 100% Cotton - Yarn Dyed, Azo-Free Dyed, Handspun, Hand Woven in Murshidabad (West Bengal),Pattern: Solid,Color: Melon Orange,Button Type: Shell,Style: Straight ,Length: Mid-Thigh Length,Mid Rise waist,Half Elasticated Waist,This garment has Patch Pocket,Number of Pockets: 2,Garment Transparency: Opaque,Relaxed Fit,Exposed Zip at front","3,040","https://cdn.shopify.com/s/files/1/0534/2501/2925/products/orange-handspun-mirror-work-shorts-straight-shorts-526328_160x.jpg?v=1625849349,https://cdn.shopify.com/s/files/1/0534/2501/2925/products/orange-handspun-mirror-work-shorts-straight-shorts-733057_160x.jpg?v=1625849349,https://cdn.shopify.com/s/files/1/0534/2501/2925/products/orange-handspun-mirror-work-shorts-straight-shorts-767842_160x.jpg?v=1625849349,https://cdn.shopify.com/s/files/1/0534/2501/2925/products/orange-handspun-mirror-work-shorts-straight-shorts-888758_160x.jpg?v=1625849349,https://cdn.shopify.com/s/files/1/0534/2501/2925/products/orange-handspun-mirror-work-shorts-straight-shorts-904666_160x.jpg?v=1625849349"
Dusk Beige Cotton Corduroy Baggy Shorts  ,"Available for Waist 19"" - 63"" | Petite - Tall","Primary Fabric: 100% Cotton Corduroy,Pattern: Solid, Stripes,Color: Dusk Beige,Button Type: Shell,Style: Baggy, Pleated,Length: Mid-Thigh Length,High Rise waist,Half Elasticated Waist,This garment has Slash Pocket,Number of Pockets: 2,Garment Transparency: Opaque,Comfort Fit,Exposed Zip at Front,Functional Specialty: Fold Up Hem","3,200","https://cdn.shopify.com/s/files/1/0534/2501/2925/products/dusk-beige-cotton-corduroy-baggy-shorts-baggy-shorts-226961_160x.jpg?v=1625992953,https://cdn.shopify.com/s/files/1/0534/2501/2925/products/dusk-beige-cotton-corduroy-baggy-shorts-baggy-shorts-687982_160x.jpg?v=1625992953,https://cdn.shopify.com/s/files/1/0534/2501/2925/products/dusk-beige-cotton-corduroy-baggy-shorts-baggy-shorts-996234_160x.jpg?v=1625992953,https://cdn.shopify.com/s/files/1/0534/2501/2925/products/dusk-beige-cotton-corduroy-baggy-shorts-baggy-shorts-623110_160x.jpg?v=1625992953,https://cdn.shopify.com/s/files/1/0534/2501/2925/products/dusk-beige-cotton-corduroy-baggy-shorts-baggy-shorts-204099_160x.jpg?v=1625992953,https://cdn.shopify.com/s/files/1/0534/2501/2925/products/dusk-beige-cotton-corduroy-baggy-shorts-baggy-shorts-282944_160x.jpg?v=1625992953,https://cdn.shopify.com/s/files/1/0534/2501/2925/products/dusk-beige-cotton-corduroy-baggy-shorts-baggy-shorts-419602_160x.jpg?v=1625992953"
Kashish Dabu Print High-Rise Comfort Fit Shorts  ,"Available for Waist 19"" - 63"" | Petite - Tall","Craft: Dabu Hand Block Print,Primary Fabric: 100% Cotton - Natural Dyed, Hand Block Printed in Sanganer (Rajasthan),This is a lined garment,Pattern: Botanical, Floral,Color: Beige,Style: Short,Length: Mid-Thigh Length,High Rise waist,Waistbandless,This garment has Inseam Pocket,Number of Pockets: 2,Garment Transparency: Opaque,Comfort Fit,Tie-Up at Waist,Concealed Zip at The Left,Cord Piping ","2,800","https://cdn.shopify.com/s/files/1/0534/2501/2925/products/kashish-dabu-print-high-rise-comfort-fit-shorts-short-shorts-688473_160x.jpg?v=1626279264,https://cdn.shopify.com/s/files/1/0534/2501/2925/products/kashish-dabu-print-high-rise-comfort-fit-shorts-short-shorts-949083_160x.jpg?v=1626279264,https://cdn.shopify.com/s/files/1/0534/2501/2925/products/kashish-dabu-print-high-rise-comfort-fit-shorts-short-shorts-614146_160x.jpg?v=1626279264,https://cdn.shopify.com/s/files/1/0534/2501/2925/products/kashish-dabu-print-high-rise-comfort-fit-shorts-short-shorts-154987_160x.jpg?v=1626279264,https://cdn.shopify.com/s/files/1/0534/2501/2925/products/kashish-dabu-print-high-rise-comfort-fit-shorts-short-shorts-547297_160x.jpg?v=1626279264"
Blue Vegetable Dyed Straight Fit Shorts  ,"Available for Waist 19"" - 63"" | Petite - Tall","Primary Fabric: 100% Cotton - Vegetable Dyed in Ahmedabad (Gujarat), Handspun, Hand Woven in Nagri (Tamil Nadu),Pattern: Solid,Color: Blue,Style: Straight ,Length: Mid-Thigh Length,Mid Rise waist,Banded waist,This garment has Inseam Pocket,Number of Pockets: 2,Garment Transparency: Opaque,Relaxed Fit,Concealed Zip at left,Knife Pleats at Front","4,020","https://cdn.shopify.com/s/files/1/0534/2501/2925/products/blue-vegetable-dyed-straight-fit-shorts-straight-shorts-966099_160x.jpg?v=1625850728,https://cdn.shopify.com/s/files/1/0534/2501/2925/products/blue-vegetable-dyed-straight-fit-shorts-straight-shorts-990368_160x.jpg?v=1625850728,https://cdn.shopify.com/s/files/1/0534/2501/2925/products/blue-vegetable-dyed-straight-fit-shorts-straight-shorts-233822_160x.jpg?v=1625850728,https://cdn.shopify.com/s/files/1/0534/2501/2925/products/blue-vegetable-dyed-straight-fit-shorts-straight-shorts-658341_160x.jpg?v=1625850728,https://cdn.shopify.com/s/files/1/0534/2501/2925/products/blue-vegetable-dyed-straight-fit-shorts-straight-shorts-695362_160x.jpg?v=1625850728"
Vintage Plum Handspun 100% Cotton Short Shorts  ,"Available for Waist 19"" - 63"" | Petite - Tall","Primary Fabric: 100% Cotton - Yarn Dyed, Azo-Free Dyed, Handspun, Hand Woven in Murshidabad (West Bengal),Pattern: Solid,Color: Vintage Plum,Style: Short,Length: Mid-Thigh Length,Mid Rise waist,Full Elasticated Waist,This garment has Slash Pocket, Mobile Pocket,Number of Pockets: 3,Garment Transparency: Opaque,Relaxed Fit","2,520","https://cdn.shopify.com/s/files/1/0534/2501/2925/products/vintage-plum-100-cotton-khadi-short-shorts-short-shorts-924665_160x.jpg?v=1630997464,https://cdn.shopify.com/s/files/1/0534/2501/2925/products/vintage-plum-100-cotton-khadi-short-shorts-short-shorts-315436_160x.jpg?v=1630997464,https://cdn.shopify.com/s/files/1/0534/2501/2925/products/vintage-plum-100-cotton-khadi-short-shorts-short-shorts-694209_160x.jpg?v=1630997465,https://cdn.shopify.com/s/files/1/0534/2501/2925/products/vintage-plum-100-cotton-khadi-short-shorts-short-shorts-668443_160x.jpg?v=1630997465,https://cdn.shopify.com/s/files/1/0534/2501/2925/products/vintage-plum-100-cotton-khadi-short-shorts-short-shorts-784411_160x.jpg?v=1630997465,https://cdn.shopify.com/s/files/1/0534/2501/2925/products/vintage-plum-100-cotton-khadi-short-shorts-short-shorts-139867_160x.jpg?v=1630997465"
Beige Kalamkari Comfort Fit Shorts  ,"Available for Waist 19"" - 63"" | Petite - Tall","Craft: Kalamkari Hand Block Print,Primary Fabric: 100% Cotton - Natural Dyed, Hand Block Printed in Hyderabad (Telangana),Pattern: Floral, Traditional, Stripes,Color: Beige, Faded Indigo,Style: Curved Hem ,Length: Mid-Thigh Length,Mid Rise waist,Half Elasticated Waist,This garment has Slash Pocket,Number of Pockets: 2,Garment Transparency: Opaque,Comfort Fit","2,630","https://cdn.shopify.com/s/files/1/0534/2501/2925/products/beige-kalamkari-curved-hem-shorts-curved-hem-shorts-967022_160x.jpg?v=1625847178,https://cdn.shopify.com/s/files/1/0534/2501/2925/products/beige-kalamkari-curved-hem-shorts-curved-hem-shorts-541711_160x.jpg?v=1625847179,https://cdn.shopify.com/s/files/1/0534/2501/2925/products/beige-kalamkari-curved-hem-shorts-curved-hem-shorts-160100_160x.jpg?v=1625847178,https://cdn.shopify.com/s/files/1/0534/2501/2925/products/beige-kalamkari-curved-hem-shorts-curved-hem-shorts-205281_160x.jpg?v=1625847178,https://cdn.shopify.com/s/files/1/0534/2501/2925/products/beige-kalamkari-curved-hem-shorts-curved-hem-shorts-175263_160x.jpg?v=1625847178,https://cdn.shopify.com/s/files/1/0534/2501/2925/products/beige-kalamkari-curved-hem-shorts-curved-hem-shorts-919646_160x.jpg?v=1625847179"
Musturd Gold Handspun 100% Cotton Short Shorts  ,"Available for Waist 19"" - 63"" | Petite - Tall","Primary Fabric: 100% Cotton - Yarn Dyed, Azo-Free Dyed, Handspun, Hand Woven in Murshidabad (West Bengal),Pattern: Solid,Color: Mustard Gold,Style: Short,Length: Mid-Thigh Length,Mid Rise waist,Full Elasticated Waist,This garment has Slash Pocket, Mobile Pocket,Number of Pockets: 3,Garment Transparency: Opaque,Relaxed Fit","2,520","https://cdn.shopify.com/s/files/1/0534/2501/2925/products/musturd-gold-100-cotton-khadi-short-shorts-short-shorts-407890_160x.jpg?v=1630997461,https://cdn.shopify.com/s/files/1/0534/2501/2925/products/musturd-gold-100-cotton-khadi-short-shorts-short-shorts-677556_160x.jpg?v=1630997461,https://cdn.shopify.com/s/files/1/0534/2501/2925/products/musturd-gold-100-cotton-khadi-short-shorts-short-shorts-160852_160x.jpg?v=1630997461,https://cdn.shopify.com/s/files/1/0534/2501/2925/products/musturd-gold-100-cotton-khadi-short-shorts-short-shorts-903652_160x.jpg?v=1630997461,https://cdn.shopify.com/s/files/1/0534/2501/2925/products/musturd-gold-100-cotton-khadi-short-shorts-short-shorts-391490_160x.jpg?v=1630997462"
Indigo Cotton Denim Paneled Shorts  ,"Available for Waist 19"" - 63"" | Petite - Tall","Primary Fabric: 100% Cotton Denim,This garment is Hand Embroidered,Pattern: Solid,Color: Indigo,Button Type: Metal,Style: Paneled, Short,Length: Mid-Thigh Length,Mid Rise waist,This garment has Slash Pocket,Number of Pockets: 2,Garment Transparency: Opaque,Comfort Fit,Exposed Zip at Front","3,400","https://cdn.shopify.com/s/files/1/0534/2501/2925/products/indigo-cotton-denim-paneled-shorts-paneled-shorts-298788_160x.jpg?v=1611240888,https://cdn.shopify.com/s/files/1/0534/2501/2925/products/indigo-cotton-denim-paneled-shorts-paneled-shorts-618394_160x.jpg?v=1611240888,https://cdn.shopify.com/s/files/1/0534/2501/2925/products/indigo-cotton-denim-paneled-shorts-paneled-shorts-946396_160x.jpg?v=1611240888,https://cdn.shopify.com/s/files/1/0534/2501/2925/products/indigo-cotton-denim-paneled-shorts-paneled-shorts-884463_160x.jpg?v=1611240888,https://cdn.shopify.com/s/files/1/0534/2501/2925/products/indigo-cotton-denim-paneled-shorts-paneled-shorts-926446_160x.jpg?v=1611240888,https://cdn.shopify.com/s/files/1/0534/2501/2925/products/indigo-cotton-denim-paneled-shorts-paneled-shorts-272301_160x.jpg?v=1611240888"
